ubigeo,departamento,distrito,promedio_semanal,mediana_semanal,maximo_semanal,desviacion_semanal,pct_semanas_alta,crecimiento_promedio,frecuencia_semanas_con_casos,semana_pico,cluster,pca_1,pca_2
10101,AMAZONAS,CHACHAPOYAS,0.01447876447876448,0.0,2,0.1272777741337225,0.012548262548262547,0.007085346215780999,0.013513513513513514,20.0,0,-1.8677879945376523,-0.6784811532177928
10103,AMAZONAS,BALSAS,0.7931034482758621,0.0,15,2.388371883452464,0.2413793103448276,0.1341278392150485,0.2413793103448276,52.0,1,0.07566761203033609,1.411147836602843
10201,AMAZONAS,BAGUA,4.314685314685315,1.0,93,9.184018434102953,0.2742812742812743,0.17647274234875635,0.5547785547785548,20.0,1,2.3274366106468296,1.9311254802346651
10202,AMAZONAS,ARAMANGO,0.3935483870967742,0.0,14,1.2260441195742344,0.16451612903225807,0.08234295746402284,0.16451612903225807,44.0,0,-0.651573608094078,0.6757710354479688
10203,AMAZONAS,COPALLIN,0.35993485342019543,0.0,21,1.2015559926917732,0.16938110749185667,0.07777753578487076,0.16938110749185667,3.0,0,-0.5417392004632001,0.19874122315604031
10204,AMAZONAS,EL PARCO,0.23123123123123124,0.0,12,0.9810953744255984,0.0970970970970971,0.06823615874217077,0.0980980980980981,21.0,0,-1.0432754443720293,0.08088659733950723
10205,AMAZONAS,IMAZA,0.9641985353946297,0.0,44,3.3596980490701003,0.2115541090317331,0.07693916311650593,0.2115541090317331,3.0,1,-0.16582772370059454,0.2065009921208541
10206,AMAZONAS,LA PECA,0.5158924205378973,0.0,16,1.6812984701961375,0.1821515892420538,0.09718453790831211,0.18337408312958436,45.0,0,-0.4524839810759669,0.8507737675810173
10307,AMAZONAS,JAZAN,0.95625,0.0,11,1.6253725534473629,0.44375,0.1955176200459219,0.44375,1.0,1,1.5606433909292936,2.1351430655496477
10401,AMAZONAS,NIEVA,1.4675446848541862,0.0,37,3.831914098116108,0.2558795860771402,0.10512160669653517,0.2558795860771402,9.0,1,0.24944230305695614,0.6424112059405744
10402,AMAZONAS,EL CENEPA,0.14432989690721648,0.0,5,0.609033215989358,0.08247422680412371,0.06606217616580311,0.08762886597938144,9.0,0,-1.1235072800864803,-0.08107224202922246
10403,AMAZONAS,RIO SANTIAGO,0.19170984455958548,0.0,11,0.9610013912651844,0.07081174438687392,0.05715430013182823,0.07167530224525043,44.0,0,-1.3008872858123013,0.14725319225076644
10701,AMAZONAS,BAGUA GRANDE,3.337984496124031,1.0,42,6.069790410522147,0.2589147286821705,0.18396805267310776,0.5713178294573643,8.0,1,2.11220854543088,2.131812971039688
10702,AMAZONAS,CAJARURO,0.6596573208722741,0.0,15,1.7176630163426125,0.235202492211838,0.10944263798901367,0.235202492211838,53.0,1,-0.12191927474929247,1.2273168511623471
10703,AMAZONAS,CUMBA,0.28885400313971743,0.0,20,1.197099361520871,0.1357927786499215,0.07849548612798926,0.13657770800627944,20.0,0,-0.7599802158855128,0.269628741610965
10704,AMAZONAS,EL MILAGRO,0.5148514851485149,0.0,11,1.3013546049506748,0.2223222322232223,0.0886128011128011,0.2223222322232223,24.0,1,-0.2626161765135941,0.7264564166935764
10705,AMAZONAS,JAMALCA,0.1196877710320902,0.0,6,0.48524015888342376,0.07718993928881179,0.0333994708994709,0.07805724197745013,48.0,0,-1.4342380326416742,0.054306839973111753
10706,AMAZONAS,LONYA GRANDE,0.14457831325301204,0.0,10,0.797862270419491,0.05249569707401033,0.03735978587399777,0.05335628227194492,32.0,0,-1.4830221810800355,-0.20058861776450831
10707,AMAZONAS,YAMON,0.025477707006369428,0.0,6,0.2446639339703034,0.01751592356687898,0.00933029785619427,0.018312101910828025,21.0,0,-1.8210958953415197,-0.6447211666999163
20801,ANCASH,CASMA,5.292445166531276,0.0,338,24.227306997228894,0.1868399675060926,0.07547169756181568,0.1876523151909017,13.0,1,1.233951783980253,-1.2869510047313995
20802,ANCASH,BUENA VISTA ALTA,0.27768456375838924,0.0,20,1.5808964434552657,0.06208053691275168,0.027964521333909385,0.06291946308724833,9.0,0,-1.3744490391982904,-0.5410325718473105
20803,ANCASH,COMANDANTE NOEL,0.09749784296807593,0.0,25,0.9986974881182009,0.027610008628127698,0.018799148462360898,0.028472821397756688,8.0,0,-1.6228931844119903,-0.7419521881649402
20804,ANCASH,YAUTAN,2.2100840336134455,0.0,31,5.687778360837735,0.2857142857142857,0.1077899550106285,0.29411764705882354,10.0,1,0.5482498400491456,0.7321962343242356
21101,ANCASH,HUARMEY,6.802020202020202,0.0,365,30.987015787809174,0.19393939393939394,0.055520407376392064,0.19393939393939394,9.0,1,1.5560889074846735,-1.7921845174928095
21103,ANCASH,CULEBRAS,1.40625,1.0,5,1.3430230591840187,0.0,0.2010752688172043,0.6875,8.0,1,1.3545293036411818,2.4547026140287254
21801,ANCASH,CHIMBOTE,10.68170829975826,0.0,555,52.641653223777816,0.20950846091861403,0.06561515233716349,0.20950846091861403,14.0,2,3.010364209705335,-2.849030972200522
21803,ANCASH,COISHCO,1.3517587939698492,0.0,121,7.3913266493209475,0.14321608040201006,0.05598294505379317,0.14321608040201006,12.0,0,-0.35849545501513724,-0.4368822022388213
21805,ANCASH,MORO,7.469879518072289,3.0,91,14.9797754011808,0.0,0.25946612610918607,0.6746987951807228,9.0,1,3.6404908564009535,2.655133697273488
21806,ANCASH,NEPE�A,1.7225969645868466,0.0,204,11.568322392166333,0.0699831365935919,0.024373810150414756,0.0699831365935919,20.0,0,-0.617294963458991,-1.212051222226094
21807,ANCASH,SAMANCO,0.6793893129770993,0.0,13,2.0350635362383676,0.183206106870229,0.061043401043401044,0.19083969465648856,9.0,0,-0.5173287412519727,0.1801139521003896
21808,ANCASH,SANTA,1.8182565789473684,0.0,139,10.120768881362556,0.08305921052631579,0.0331443085843089,0.08305921052631579,28.0,0,-0.6756033399388688,-0.8150580565873904
21809,ANCASH,NUEVO CHIMBOTE,6.047138047138047,0.0,624,44.19408678346053,0.11952861952861953,0.029864179819963622,0.11952861952861953,12.0,1,1.7951731780118514,-3.195865608583909
40313,AREQUIPA,YAUCA,0.0650887573964497,0.0,3,0.3289217067381608,0.04142011834319527,0.01884920634920635,0.047337278106508875,15.0,0,-1.6198080301217002,-0.5291214118601747
50101,AYACUCHO,AYACUCHO,0.0456989247311828,0.0,2,0.24441678597768401,0.03504043126684636,0.019317160826594792,0.03763440860215054,53.0,0,-1.7566200977154651,-0.13918935351273326
50407,AYACUCHO,SIVIA,2.438,0.0,61,5.682794734987354,0.194,0.18817609191385112,0.47,20.0,1,1.189202617370936,1.6579603734322959
50408,AYACUCHO,LLOCHEGUA,4.98207171314741,1.0,97,9.703250230243153,0.199203187250996,0.25397150687269626,0.6195219123505976,53.0,1,2.6920293423722903,2.8824603514032243
50409,AYACUCHO,CANAYRE,1.0237580993520519,0.0,37,2.880911580634949,0.1490280777537797,0.1740088298957062,0.3023758099352052,6.0,1,0.36312650026698334,1.1505837410455086
50501,AYACUCHO,SAN MIGUEL,0.014285714285714285,0.0,1,0.11866605518454393,0.009569377990430622,0.004784688995215311,0.014285714285714285,33.0,0,-1.9204652266328779,-0.5559378241616156
50502,AYACUCHO,ANCO,0.4801762114537445,0.0,22,1.9358213694026285,0.13876651982378854,0.08003008135193262,0.14096916299559473,10.0,0,-0.6658931143638653,0.15298671877382822
50503,AYACUCHO,AYNA,3.79009900990099,2.0,47,6.006226224139712,0.20594059405940593,0.31398494038179875,0.6158415841584158,3.0,1,3.2595394441026344,3.4209745921195727
50507,AYACUCHO,SANTA ROSA,4.794354838709677,2.0,98,9.525752890567443,0.2318548387096774,0.2668559788246351,0.655241935483871,53.0,1,3.3446609218335097,3.4467306965334528
50509,AYACUCHO,SAMUGARI,2.381818181818182,0.0,145,9.68619619325434,0.275,0.20811237799345877,0.4068181818181818,8.0,1,1.6654774709165125,1.356494326497572
50510,AYACUCHO,ANCHIHUAY,0.2649350649350649,0.0,8,0.9187464969476439,0.12207792207792208,0.06575934193121692,0.12467532467532468,48.0,0,-0.9955407091091132,0.4617053124282328
50512,AYACUCHO,UNION PROGRESO,0.25806451612903225,0.0,3,0.5661267346704595,0.20430107526881722,0.09873188405797102,0.20430107526881722,3.0,1,-0.31137361429174015,0.5634690871409895
50513,AYACUCHO,RIO MAGDALENA,0.9444444444444444,0.0,7,1.6823337699696357,0.0,0.15833333333333335,0.3888888888888889,4.0,1,-0.029301111550975704,1.083257130519535
60101,CAJAMARCA,CAJAMARCA,0.02643171806167401,0.0,2,0.18585923444695143,0.019823788546255508,0.013612950699043417,0.022026431718061675,19.0,0,-1.7872664593468575,-0.6092373288548859
60109,CAJAMARCA,MAGDALENA,0.49295774647887325,0.0,22,1.9382963293022228,0.13380281690140844,0.07965237166343328,0.13732394366197184,11.0,0,-0.6914746679894753,0.1443438581240166
60204,CAJAMARCA,SITACOCHA,1.4594594594594594,0.0,18,3.429558277400487,0.0,0.12540030632135896,0.32432432432432434,28.0,0,-0.2953077915022983,0.8343987886308141
60311,CAJAMARCA,UTCO,0.05194805194805195,0.0,2,0.27426898807718025,0.025974025974025976,0.024122807017543862,0.03896103896103896,2.0,0,-1.6277492848488433,-0.6659302074226269
60401,CAJAMARCA,CHOTA,0.019230769230769232,0.0,1,0.13733516208736252,0.016483516483516484,0.008264462809917356,0.019230769230769232,24.0,0,-1.8479182059986723,-0.6049141577128025
60411,CAJAMARCA,LLAMA,0.38666666666666666,0.0,8,1.176359733339348,0.16,0.05397897897897898,0.17333333333333334,20.0,0,-0.7503880450765208,0.21868117354613023
60412,CAJAMARCA,MIRACOSTA,0.07894736842105263,0.0,1,0.2696565991042,0.0,0.02702702702702703,0.07894736842105263,8.0,0,-1.605369528934943,-0.5252820914180701
60501,CAJAMARCA,CONTUMAZA,0.31443298969072164,0.0,12,1.20527104285581,0.10824742268041238,0.07762160320299855,0.11082474226804123,17.0,0,-0.9077332276081392,0.1476374815606776
60502,CAJAMARCA,CHILETE,1.899103139013453,0.0,44,5.6386835838579445,0.21524663677130046,0.07709596265665238,0.21524663677130046,22.0,1,-0.03638248631358864,0.3179866846501764
60507,CAJAMARCA,TANTARICA,0.43237250554323725,0.0,20,1.9061618843981494,0.10643015521064302,0.061889718850503164,0.10864745011086474,2.0,0,-0.9196637577316591,-0.1925822734631601
60508,CAJAMARCA,YONAN,2.5218508997429305,0.0,109,11.39488274939109,0.16452442159383032,0.0959985266237686,0.16709511568123395,22.0,1,0.14920389745458137,-0.06423476897493428
60602,CAJAMARCA,CALLAYUC,0.02650602409638554,0.0,3,0.2065694185074486,0.018072289156626505,0.010655408122235626,0.01927710843373494,32.0,0,-1.8436196986518534,-0.5036532884018845
60603,CAJAMARCA,CHOROS,0.09649122807017543,0.0,33,1.2435878796918032,0.023125996810207338,0.01394175281551461,0.023923444976076555,31.0,0,-1.706414811702318,-0.5741864187145314
60606,CAJAMARCA,PIMPINGOS,0.01972386587771203,0.0,3,0.1873871065327593,0.01282051282051282,0.008473181967752551,0.013806706114398421,10.0,0,-1.830535065935483,-0.7791353281073483
60607,CAJAMARCA,QUEROCOTILLO,0.15037593984962405,0.0,10,0.8714022974105516,0.06015037593984962,0.08534305317324185,0.06015037593984962,24.0,0,-1.1670061043769748,0.11956105310092066
60613,CAJAMARCA,SANTO TOMAS,0.0027548209366391185,0.0,1,0.05241404294887175,0.001379310344827586,0.000689655172413793,0.0027548209366391185,46.0,0,-2.026994237921199,-0.4836794915483657
60801,CAJAMARCA,JAEN,15.823438704703161,3.0,294,33.60114097751799,0.28064764841942946,0.2135253383698651,0.7324595219737856,9.0,2,6.056182393915154,1.428492194071328
60802,CAJAMARCA,BELLAVISTA,1.439516129032258,0.0,34,3.813332268721851,0.29596774193548386,0.11996454469520403,0.29596774193548386,24.0,1,0.48988900755493964,1.0839931805232066
60803,CAJAMARCA,CHONTALI,0.0050335570469798654,0.0,2,0.09145449714705803,0.0016806722689075631,0.0025210084033613447,0.003355704697986577,29.0,0,-1.9703864143134735,-0.6552460321618275
60804,CAJAMARCA,COLASAY,0.2221163012392755,0.0,14,1.0058204784657625,0.07244995233555768,0.04754407488186113,0.07340324118207817,6.0,0,-1.2410571459833566,-0.34497253792481297
60805,CAJAMARCA,HUABAL,0.010726072607260726,0.0,4,0.14886967148884303,0.006600660066006601,0.005394990366088632,0.007425742574257425,11.0,0,-1.88189246668596,-0.8175615258617792
60806,CAJAMARCA,LAS PIRIAS,0.003527336860670194,0.0,1,0.05928654784469705,0.0017667844522968198,0.0008833922261484099,0.003527336860670194,8.0,0,-1.930306398431453,-0.892180328039243
60807,CAJAMARCA,POMAHUACA,0.069593147751606,0.0,9,0.5010443540741882,0.029978586723768737,0.01530903894247946,0.031049250535331904,15.0,0,-1.6925849010347012,-0.6309260104720986
60808,CAJAMARCA,PUCARA,0.5424413904607922,0.0,27,1.9921068633618024,0.16248989490703314,0.08867648442891161,0.16248989490703314,22.0,0,-0.5142161864061214,0.4201629931726872
60809,CAJAMARCA,SALLIQUE,0.0056625141562853904,0.0,2,0.08885637710501938,0.0033975084937712344,0.0017006802721088435,0.004530011325028313,28.0,0,-1.964761181475028,-0.6673232772012876
60810,CAJAMARCA,SAN FELIPE,0.010476190476190476,0.0,4,0.1658592688159278,0.004761904761904762,0.006434699714013346,0.005714285714285714,33.0,0,-1.9386437723009933,-0.5777918385764597
60811,CAJAMARCA,SAN JOSE DEL ALTO,0.15778251599147122,0.0,7,0.705331650607637,0.07356076759061833,0.03394826447121004,0.07462686567164178,1.0,0,-1.3235427724770417,-0.4747803436228209
60812,CAJAMARCA,SANTA ROSA,0.21960414703110273,0.0,12,1.1428721172890148,0.06691800188501414,0.03522320970434177,0.06691800188501414,7.0,0,-1.340636035335914,-0.4542991358936464
60901,CAJAMARCA,SAN IGNACIO,1.2900641025641026,0.0,54,4.215641356564018,0.21794871794871795,0.08232558555779507,0.21794871794871795,14.0,1,-0.0556734051652805,0.32904049700883786
60902,CAJAMARCA,CHIRINOS,0.14414414414414414,0.0,20,0.8462620177261233,0.07207207207207207,0.03724183090729529,0.07207207207207207,5.0,0,-1.298550519329604,-0.44749668097316364
60903,CAJAMARCA,HUARANGO,0.6642335766423357,0.0,52,2.6622519266494757,0.16139497161394972,0.10769139031687662,0.16220600162206,23.0,0,-0.3405593951208198,0.49578487133346655
60904,CAJAMARCA,LA COIPA,0.01631116687578419,0.0,3,0.1615015599468415,0.011292346298619825,0.007747068676716918,0.012547051442910916,23.0,0,-1.8743400838916267,-0.6481983902688571
60905,CAJAMARCA,NAMBALLE,0.3611111111111111,0.0,13,1.4179648819550292,0.10897435897435898,0.04067227187548043,0.10897435897435898,16.0,0,-1.0928598150349649,-0.17129985982548235
60906,CAJAMARCA,SAN JOSE DE LOURDES,0.13502673796791445,0.0,11,0.606738342613503,0.08288770053475936,0.035140562248995984,0.08422459893048129,24.0,0,-1.321651973047178,-0.1856068526603543
60907,CAJAMARCA,TABACONAS,1.5921052631578947,0.0,22,2.9499225305570467,0.3026315789473684,0.28232222875182855,0.42105263157894735,45.0,1,1.588853799454136,2.9440296134087602
61101,CAJAMARCA,SAN MIGUEL,0.47692307692307695,0.0,4,0.8247646248418592,0.0,0.10572916666666667,0.3076923076923077,11.0,0,-0.5942822912600421,0.610286825726966
61108,CAJAMARCA,NANCHOC,0.5769230769230769,0.0,5,1.3494465225268335,0.0,0.16503267973856212,0.19230769230769232,13.0,0,-0.5266570347680707,0.8209852438390275
61110,CAJAMARCA,SAN GREGORIO,0.06557377049180328,0.0,2,0.3066932284240935,0.03278688524590164,0.01388888888888889,0.04918032786885246,20.0,0,-1.6809107415445022,-0.5203293608474882
61202,CAJAMARCA,SAN BERNARDINO,1.0377358490566038,0.0,7,1.6593049710128795,0.0,0.17403846153846153,0.41509433962264153,21.0,1,0.08371513280406727,1.448189603580068
70101,CALLAO,CALLAO,5.850828729281768,0.0,89,17.433531603639185,0.30386740331491713,0.1146683634300409,0.30939226519337015,19.0,1,1.44364836001252,0.30039348101771995
70102,CALLAO,BELLAVISTA,1.9838709677419355,0.5,9,2.5746401908583136,0.0,0.15347384855581575,0.5,14.0,1,0.5299753121614014,1.4835491307975575
70103,CALLAO,CARMEN DE LA LEGUA-REYNOSO,1.3559322033898304,0.0,9,2.1452565874300666,0.0,0.23977832512315272,0.4576271186440678,14.0,1,0.6012607857925952,1.9583351532206383
70104,CALLAO,LA PERLA,0.4214876033057851,0.0,6,1.1189728622157231,0.15702479338842976,0.08285714285714287,0.1652892561983471,15.0,0,-0.6128152955445942,0.3764423408401864
70105,CALLAO,LA PUNTA,0.125,0.0,2,0.3886407938787006,0.0,0.03900709219858156,0.10416666666666667,14.0,0,-1.487006458878301,-0.31560192786932917
70106,CALLAO,VENTANILLA,15.110831234256928,0.0,431,59.11367019219128,0.2040302267002519,0.05465012174336294,0.20654911838790932,15.0,2,3.313145655176143,-3.0438102626564962
70107,CALLAO,MI PERU,4.48087431693989,0.0,41,9.132803740013397,0.3770491803278688,0.0892869439123999,0.3825136612021858,19.0,1,1.2342909170278142,0.7890352155934732
80101,CUSCO,CUSCO,0.014705882352941176,0.0,1,0.12037283488047723,0.009852216748768473,0.0049261083743842365,0.014705882352941176,45.0,0,-1.9470483082775103,-0.42334584881292847
80408,CUSCO,YANATILE,0.32663316582914576,0.0,16,1.653029568664737,0.07035175879396985,0.03693022663610899,0.07537688442211055,23.0,0,-1.3088886820528687,-0.2718822681854101
80901,CUSCO,SANTA ANA,10.755434782608695,1.0,130,21.058922843600126,0.31521739130434784,0.10198591125555834,0.5181159420289855,18.0,1,3.007256877651819,0.5572790649139154
80902,CUSCO,ECHARATE,0.6584116140051238,0.0,27,2.6390234209319168,0.1426131511528608,0.06288710524326808,0.1426131511528608,9.0,0,-0.6940756163280896,-0.02526253913241251
80903,CUSCO,HUAYOPATA,0.03208556149732621,0.0,2,0.22901190487020168,0.016042780748663103,0.009856630824372761,0.0213903743315508,19.0,0,-1.8177608609112064,-0.6478192061166141
80904,CUSCO,MARANURA,0.5338345864661654,0.0,12,1.762384202692909,0.14661654135338345,0.0674150289969499,0.14849624060150377,4.0,0,-0.6972899715050248,0.042435759832859174
80906,CUSCO,QUELLOUNO,1.3225806451612903,0.0,15,2.495543820971767,0.25806451612903225,0.17443760586121698,0.3686635944700461,12.0,1,0.7911058843069334,1.5830725388803675
80907,CUSCO,KIMBIRI,4.888,2.0,51,8.094408934567118,0.23,0.21798342435782755,0.692,12.0,1,3.1457776250233724,2.840769634326243
80908,CUSCO,SANTA TERESA,0.04878048780487805,0.0,1,0.2154088016177524,0.025,0.0125,0.04878048780487805,11.0,0,-1.6953080858913416,-0.6359469225388542
80910,CUSCO,PICHARI,4.170020120724346,0.0,92,9.965446671563711,0.28672032193158953,0.10238193727153855,0.39134808853118713,48.0,1,1.0884543239990385,0.9613413876196995
80912,CUSCO,VILLA VIRGEN,1.9663865546218486,1.0,16,2.854843365316474,0.2773109243697479,0.2869859127523634,0.5714285714285714,2.0,1,2.4544267172650747,3.135111858216305
80913,CUSCO,VILLA KINTIARINA,0.3904109589041096,0.0,14,1.4565548001731004,0.15753424657534246,0.07904052800960017,0.16095890410958905,13.0,0,-0.6160202917729131,0.28829702637878435
80914,CUSCO,MEGANTONI,1.3333333333333333,0.0,20,3.1206095490115446,0.3607305936073059,0.16884843990710724,0.365296803652968,9.0,1,1.0764442311881592,1.6239951688858056
80915,CUSCO,KUMPIRUSHIATO,0.7078651685393258,0.0,17,2.299009299046303,0.07865168539325842,0.11097337006427915,0.2696629213483146,37.0,0,-0.41012759528326664,0.8834262489171937
80916,CUSCO,CIELO PUNCO,0.48226950354609927,0.0,12,1.4469475666730884,0.0851063829787234,0.10638016745159602,0.20567375886524822,50.0,0,-0.6533707844951322,0.8994996159877495
80917,CUSCO,MANITEA,0.8396946564885496,0.0,8,1.4186155701150942,0.1297709923664122,0.16237179487179487,0.3816793893129771,3.0,1,0.32696646814103636,1.295038927308894
80918,CUSCO,UNION ASHANINKA,0.9774436090225563,0.0,9,1.7362398461073965,0.39097744360902253,0.23731661856661856,0.39849624060150374,19.0,1,1.4870644020232964,2.4814911935855446
81106,CUSCO,KOS�IPATA,0.0847457627118644,0.0,2,0.33385958650156283,0.05982905982905983,0.01566951566951567,0.06779661016949153,8.0,0,-1.519808458123905,-0.5548408196884531
81203,CUSCO,CAMANTI,0.35693215339233036,0.0,22,1.3993374005537687,0.12979351032448377,0.0770442736678046,0.13126843657817108,8.0,0,-0.7517068985721274,0.09300950927255718
100101,HUANUCO,HUANUCO,0.03931203931203931,0.0,2,0.21051985518989544,0.03521703521703522,0.015300546448087433,0.036036036036036036,24.0,0,-1.7123083666720502,-0.48781640619104794
100102,HUANUCO,AMARILIS,0.07829534192269574,0.0,16,0.6903085792433082,0.031714568880079286,0.015056392927541386,0.03270564915758176,24.0,0,-1.6877547070405698,-0.5513690847615287
100103,HUANUCO,CHINCHAO,0.07692307692307693,0.0,1,0.26646935501059654,0.0641025641025641,0.025974025974025976,0.07692307692307693,38.0,0,-1.5088086188824799,-0.1155523742146289
100111,HUANUCO,PILLCO MARCA,0.023094688221709007,0.0,3,0.19083536498950204,0.016166281755196306,0.012152777777777778,0.018475750577367205,18.0,0,-1.8095395860013064,-0.6476652720533493
100507,HUANUCO,MONZON,0.2648,0.0,15,1.031252132119008,0.1184,0.05437908324217372,0.1184,7.0,0,-0.9652550473339121,-0.11328609006607465
100601,HUANUCO,RUPA-RUPA,4.650118203309693,1.0,92,11.32500919731906,0.24034672970843185,0.17823964581046622,0.5571315996847912,6.0,1,2.3697891217606672,1.6732295611419228
100602,HUANUCO,DANIEL ALOMIA ROBLES,0.12631578947368421,0.0,5,0.46435252631816376,0.08906882591093117,0.0439086980010805,0.08906882591093117,49.0,0,-1.3230479257979977,0.19447267766505952
100603,HUANUCO,HERMILIO VALDIZAN,0.015368852459016393,0.0,3,0.14587731769098283,0.012295081967213115,0.007948717948717949,0.01331967213114754,13.0,0,-1.8447978445886022,-0.7512991077278025
100604,HUANUCO,JOSE CRESPO Y CASTILLO,0.91725768321513,0.0,20,1.9598636305982706,0.19936958234830576,0.15711346793760045,0.3404255319148936,51.0,1,0.3262330348542576,1.7381427656256248
100605,HUANUCO,LUYANDO,0.5246031746031746,0.0,14,1.623790710375273,0.18968253968253967,0.0735426827166303,0.18968253968253967,6.0,0,-0.4524623556450148,0.27108807019688486
100606,HUANUCO,MARIANO DAMASO BERAUN,0.26987951807228916,0.0,10,0.8432679222506666,0.1461847389558233,0.06493906682813436,0.1461847389558233,53.0,0,-0.8915034433673172,0.5917646143970623
100607,HUANUCO,PUCAYACU,0.022988505747126436,0.0,1,0.1498667219586816,0.017241379310344827,0.008670520231213872,0.022988505747126436,3.0,0,-1.7829762342604647,-0.8203196733967194
100608,HUANUCO,CASTILLO GRANDE,2.9421965317919074,1.0,31,5.050280118893835,0.20809248554913296,0.16167512984663607,0.5664739884393064,6.0,1,1.7550667740796797,1.9187987634499908
100609,HUANUCO,PUEBLO NUEVO,0.17131474103585656,0.0,4,0.5489340127378434,0.11553784860557768,0.08259999999999999,0.11952191235059761,5.0,0,-0.8583195417289224,0.13240312875376145
100610,HUANUCO,SANTO DOMINGO DE ANDA,0.10752688172043011,0.0,4,0.47433860215296303,0.06451612903225806,0.06195652173913044,0.07526881720430108,16.0,0,-1.2512139962604631,-0.08510946576436469
100702,HUANUCO,CHOLON,0.06432748538011696,0.0,2,0.2788069576856191,0.05263157894736842,0.02688172043010753,0.05555555555555555,17.0,0,-1.5342473732170965,-0.4039998308241903
100704,HUANUCO,LA MORADA,0.375,0.0,4,0.7644442425710327,0.25,0.1057422969187675,0.25833333333333336,11.0,1,-0.019028769329829893,0.8840754018054336
100705,HUANUCO,SANTA ROSA DE ALTO YANAJANCA,0.22608695652173913,0.0,4,0.6194088284698478,0.14782608695652175,0.06374269005847953,0.1565217391304348,26.0,0,-0.8252378410702441,0.3380374357730482
100802,HUANUCO,CHAGLLA,0.023032629558541268,0.0,1,0.15000709161289769,0.02111324376199616,0.007692307692307693,0.023032629558541268,33.0,0,-1.850227108197792,-0.4967691096159007
100804,HUANUCO,UMARI,0.045454545454545456,0.0,1,0.20829889522526548,0.023255813953488372,0.011627906976744186,0.045454545454545456,9.0,0,-1.7083346258714267,-0.6744034262779326
100901,HUANUCO,PUERTO INCA,1.0712510356255178,0.0,31,3.059459424899541,0.2510356255178128,0.09946874169967913,0.2510356255178128,5.0,1,0.1314754605815068,0.5911210265748505
100902,HUANUCO,CODO DEL POZUZO,0.5125184094256259,0.0,20,2.211778482411283,0.11045655375552282,0.06365999341337707,0.11045655375552282,50.0,0,-0.9952130692063663,0.3398360796371605
100903,HUANUCO,HONORIA,0.10374149659863946,0.0,8,0.5450328716097544,0.06037414965986394,0.03584599797365755,0.061224489795918366,5.0,0,-1.3994718654731768,-0.46186795810077114
100904,HUANUCO,TOURNAVISTA,0.14074074074074075,0.0,12,0.8219886221381377,0.0551440329218107,0.02934072151535084,0.0551440329218107,45.0,0,-1.5418174933202882,-0.12066971764210004
100905,HUANUCO,YUYAPICHIS,0.3564993564993565,0.0,16,1.2664615824541525,0.15958815958815958,0.08351664275519644,0.15958815958815958,53.0,0,-0.6915125603797332,0.7600229416738414
110101,ICA,ICA,26.675350701402806,1.0,631,85.31668469297935,0.3406813627254509,0.18474617129963405,0.5971943887775552,16.0,2,7.9964263302204746,-2.364776102953391
110102,ICA,LA TINGUI�A,9.041570438799075,1.0,260,30.721172173350134,0.2956120092378753,0.16200780505001675,0.5334872979214781,16.0,1,3.641723519858518,0.5226733166065333
110103,ICA,LOS AQUIJES,5.534988713318285,0.0,131,16.11080478650732,0.28893905191873587,0.17253356379708523,0.4604966139954853,16.0,1,2.086288949448726,1.0009577347063694
110104,ICA,OCUCAJE,1.2585751978891822,0.0,28,3.4969491530346737,0.24274406332453827,0.10746864226534072,0.24274406332453827,14.0,1,0.13453577507622758,0.706810414966609
110105,ICA,PACHACUTEC,1.6788990825688073,0.0,56,5.794066458665308,0.28440366972477066,0.15253705407884452,0.286697247706422,17.0,1,0.7457176908956624,1.1093250927016276
110106,ICA,PARCONA,9.126106194690266,1.0,196,27.046903375126195,0.31194690265486724,0.18232393523543144,0.5221238938053098,16.0,1,3.558782233066123,0.9349070502755402
110107,ICA,PUEBLO NUEVO,1.4228971962616823,0.0,28,3.6877086848843654,0.2967289719626168,0.08850377689612933,0.29906542056074764,18.0,1,0.3291386914947744,0.7951028255552104
110108,ICA,SALAS,6.7846153846153845,0.0,196,21.804016784276104,0.358974358974359,0.14516934817218496,0.36153846153846153,10.0,1,2.3222068782655536,0.22382206686278164
110109,ICA,SAN JOSE DE LOS MOLINOS,1.591549295774648,0.0,36,5.192747194046601,0.2323943661971831,0.10942949878072554,0.2347417840375587,16.0,1,0.18637723721841745,0.6273716546035937
110110,ICA,SAN JUAN BAUTISTA,1.7547169811320755,0.0,48,5.841557883373748,0.21933962264150944,0.06792757468675585,0.22169811320754718,18.0,1,-0.05083491196733143,0.21426809878411693
110111,ICA,SANTIAGO,4.167441860465116,0.0,107,12.990689347951935,0.3488372093023256,0.1002509547453106,0.3511627906976744,16.0,1,1.343401467566576,0.4800363536244256
110112,ICA,SUBTANJALLA,8.910550458715596,0.0,249,29.927416454821117,0.2981651376146789,0.1243200568235432,0.44724770642201833,10.0,1,2.7741557647316535,-0.2986678407349212
110113,ICA,TATE,1.8685446009389672,0.0,38,5.059885155605497,0.26291079812206575,0.09907153106013956,0.2652582159624413,16.0,1,0.31714842312448027,0.6455494614504415
110114,ICA,YAUCA DEL ROSARIO,0.08450704225352113,0.0,3,0.35258184705199225,0.06103286384976526,0.030660377358490566,0.06572769953051644,19.0,0,-1.4655039955587583,-0.321868720271188
110201,ICA,CHINCHA ALTA,13.110552763819095,0.0,256,35.645206450665036,0.39195979899497485,0.1117514390323391,0.39195979899497485,16.0,1,3.421165046629584,-0.7003657462509336
110202,ICA,ALTO LARAN,0.9342105263157895,0.0,28,3.1852271104510517,0.19473684210526315,0.07409149007874717,0.19736842105263158,16.0,0,-0.33166865540754903,0.31172706438943887
110204,ICA,CHINCHA BAJA,1.7904040404040404,0.0,60,7.038782094375765,0.20959595959595959,0.06336817870842192,0.21212121212121213,16.0,1,-0.06202662438897769,0.05589336265297322
110205,ICA,EL CARMEN,2.73697270471464,0.0,120,11.505109352270047,0.21588089330024815,0.08494111920655058,0.21836228287841192,11.0,1,0.42760252550124284,-0.11757054465568183
110206,ICA,GROCIO PRADO,4.928759894459103,0.0,124,12.829002897679999,0.3034300791556728,0.05114131398894597,0.3034300791556728,15.0,1,0.9502267398776036,-0.1725433318291493
110207,ICA,PUEBLO NUEVO,12.039351851851851,0.0,265,35.31001362988786,0.33564814814814814,0.10812077101110149,0.33564814814814814,18.0,1,3.0050454929506705,-0.8798813738066728
110210,ICA,SUNAMPE,5.572178477690288,0.0,125,16.116803403502455,0.3123359580052493,0.07661884816763266,0.31496062992125984,18.0,1,1.2855370102527308,-0.023475951683396865
110211,ICA,TAMBO DE MORA,0.8629032258064516,0.0,35,3.7752761290864285,0.13440860215053763,0.059990893786467644,0.13709677419354838,13.0,0,-0.6890934890356103,-0.09083726434458565
110301,ICA,NAZCA,5.690582959641255,0.0,139,17.67984464962987,0.26905829596412556,0.13004824656457625,0.40358744394618834,17.0,1,1.7398973536331104,0.4436022313705578
110302,ICA,CHANGUILLO,0.2630208333333333,0.0,17,1.1819331091757994,0.10416666666666667,0.05166811720336524,0.10677083333333333,8.0,0,-1.0418563072622944,-0.1808574936207861
110303,ICA,EL INGENIO,0.1015625,0.0,2,0.36457403261946214,0.078125,0.043516100957354226,0.08072916666666667,13.0,0,-1.2987809053893167,-0.22342476867842287
110304,ICA,MARCONA,0.07027027027027027,0.0,2,0.28556711225669823,0.05945945945945946,0.019873532068654023,0.062162162162162166,13.0,0,-1.5265052381420607,-0.4783816129574104
110305,ICA,VISTA ALEGRE,4.254498714652956,0.0,99,11.947163523842072,0.2519280205655527,0.15301283018583933,0.35475578406169667,18.0,1,1.3227267455940064,0.827366356695776
110401,ICA,PALPA,4.823076923076923,0.0,147,16.41581416302915,0.2923076923076923,0.10754311930104818,0.2923076923076923,11.0,1,1.3317459072649918,0.04130248667824115
110402,ICA,LLIPATA,1.2164948453608246,0.0,46,4.615587226545472,0.16752577319587628,0.042946206352751946,0.16752577319587628,6.0,0,-0.5192083610369691,-0.2505902119543655
110403,ICA,RIO GRANDE,1.2010309278350515,0.0,29,4.079847249145861,0.18298969072164947,0.06641594759250079,0.18298969072164947,12.0,0,-0.37691760543215874,0.11625559880705448
110404,ICA,SANTA CRUZ,0.15324675324675324,0.0,5,0.6157213941522021,0.07792207792207792,0.02877604166666667,0.08051948051948052,11.0,0,-1.3561209711200075,-0.38006040838651944
110501,ICA,PISCO,7.207594936708861,0.0,194,22.891432105395324,0.30632911392405066,0.10419241604013706,0.3949367088607595,12.0,1,2.096649264097874,-0.13151158234254448
110503,ICA,HUMAY,0.4420485175202156,0.0,39,2.689454319509742,0.0889487870619946,0.03482777912983863,0.09164420485175202,9.0,0,-1.1123338832801892,-0.4650065880744114
110504,ICA,INDEPENDENCIA,0.41708542713567837,0.0,16,1.6493974985673083,0.13819095477386933,0.0506443475031414,0.1407035175879397,14.0,0,-0.8605265064031585,-0.01377067975793362
110505,ICA,PARACAS,0.5707070707070707,0.0,22,2.2957031679650033,0.14898989898989898,0.055195123562341665,0.15151515151515152,9.0,0,-0.7240303172626678,-0.03085131223746258
110506,ICA,SAN ANDRES,1.1075514874141876,0.0,42,4.559282803231592,0.18993135011441648,0.08215134491223239,0.19221967963386727,14.0,1,-0.22849885546509346,0.25490427939607513
110507,ICA,SAN CLEMENTE,6.193467336683417,0.0,162,19.578864040676745,0.2864321608040201,0.12811970361727995,0.39949748743718594,9.0,1,1.9340274057806028,0.22574354715844508
110508,ICA,TUPAC AMARU INCA,4.979591836734694,0.0,106,14.749769691620669,0.3673469387755102,0.10729297872515647,0.3673469387755102,10.0,1,1.6132907227311464,0.44895802826001346
120301,JUNIN,CHANCHAMAYO,3.640198511166253,0.0,54,7.41572370762439,0.2853598014888337,0.16139827380633925,0.49379652605459057,19.0,1,1.5166003874081484,1.535164053771357
120302,JUNIN,PERENE,3.661488143908422,1.0,46,6.633487241080528,0.2804578904333606,0.18020690221906752,0.5584627964022895,14.0,1,2.1636267932832216,2.1291941689894287
120303,JUNIN,PICHANAQUI,2.2291666666666665,0.0,30,4.3531577778537835,0.2375,0.14603742647075313,0.45,6.0,1,0.9574329874406119,1.312471042831682
120304,JUNIN,SAN LUIS DE SHUARO,0.1856573705179283,0.0,9,0.8504706138810191,0.0796812749003984,0.04363149034201667,0.0796812749003984,51.0,0,-1.3538863602938997,0.15518841928498053
120305,JUNIN,SAN RAMON,2.8984375,0.0,73,7.74560343411627,0.228125,0.10464095126122085,0.33046875,49.0,1,0.5652360161203942,0.933510750580959
120306,JUNIN,VITOC,0.02607232968881413,0.0,3,0.1927878725906732,0.020185029436501262,0.010030864197530865,0.021026072329688814,23.0,0,-1.8154178164117938,-0.5986722257958429
120501,JUNIN,JUNIN,0.025,0.0,1,0.15612494995995996,0.012658227848101266,0.006329113924050633,0.025,23.0,0,-1.8519748550175457,-0.6247120844812403
120601,JUNIN,SATIPO,3.015552099533437,0.0,94,7.253233791482998,0.2527216174183515,0.16192555071861264,0.44090202177293936,48.0,1,1.2415471719877886,1.6244368288692181
120602,JUNIN,COVIRIALI,0.19428090832632464,0.0,6,0.6498502837065546,0.11269974768713205,0.04618205868205868,0.1135407905803196,4.0,0,-1.0637620704351776,-0.1951539831485624
120603,JUNIN,LLAYLLA,0.11178247734138973,0.0,4,0.4723920242629169,0.06948640483383686,0.041729702471003535,0.07099697885196375,51.0,0,-1.4402098044857992,0.13105970644598464
120604,JUNIN,MAZAMARI,1.222967309304275,0.0,25,2.953210237843925,0.19865884325230512,0.12913056090501962,0.30427493713327747,7.0,1,0.26401676100298466,0.9002120360936489
120605,JUNIN,PAMPA HERMOSA,0.012182741116751269,0.0,1,0.10970105713088404,0.01116751269035533,0.0040650406504065045,0.012182741116751269,5.0,0,-1.857050473811598,-0.8673508240211968
120606,JUNIN,PANGOA,2.630114566284779,0.0,67,6.570205761709092,0.24877250409165302,0.11838053142699602,0.3445171849427169,10.0,1,0.754681705206547,0.7435111577612254
120607,JUNIN,RIO NEGRO,0.9640816326530612,0.0,27,2.6011645103035375,0.2677551020408163,0.12399395337934915,0.26857142857142857,49.0,1,0.2129214406132574,1.3564497439215057
120608,JUNIN,RIO TAMBO,0.37510513036164844,0.0,19,1.2015910085972348,0.1808242220353238,0.10397764412915929,0.1808242220353238,48.0,0,-0.45445606834416585,0.9428373043208895
120609,JUNIN,VIZCATAN DEL ENE,0.20448877805486285,0.0,6,0.6059388548024913,0.15211970074812967,0.06418452380952382,0.1546134663341646,45.0,0,-0.8602480579603151,0.546482797679115
130101,LA LIBERTAD,TRUJILLO,11.31832298136646,0.0,800,63.071532688661726,0.18555900621118013,0.06277944368898213,0.18633540372670807,14.0,2,3.6837914195691113,-3.868272825797678
130102,LA LIBERTAD,EL PORVENIR,12.125874125874127,0.0,543,47.36393515178645,0.24242424242424243,0.08428061575719653,0.24242424242424243,16.0,2,3.2616079560657547,-2.448962514465378
130103,LA LIBERTAD,FLORENCIA DE MORA,5.61796875,0.0,343,29.248186198019585,0.165625,0.0631298167374586,0.165625,12.0,1,1.2339666960826363,-1.646633802033955
130104,LA LIBERTAD,HUANCHACO,2.3402722177742192,0.0,190,12.783733669127159,0.14171337069655723,0.04873321168179783,0.14171337069655723,11.0,0,-0.026842881703883797,-0.8753863793802841
130105,LA LIBERTAD,LA ESPERANZA,14.037267080745341,0.0,975,76.1549489587922,0.25,0.07113156645154957,0.25,15.0,2,5.015616896959507,-4.466564292874975
130106,LA LIBERTAD,LAREDO,4.439500390320062,0.0,192,19.457946432645016,0.16081186572989853,0.06765256524730653,0.16081186572989853,16.0,1,0.555223327555497,-0.8931037180468565
130107,LA LIBERTAD,MOCHE,2.5507020280811235,0.0,335,21.21340943263875,0.09438377535101404,0.024466209097035268,0.09516380655226209,12.0,0,0.12047190874081308,-1.827326512515522
130108,LA LIBERTAD,POROTO,0.3953488372093023,0.0,3,0.7817551773940283,0.0,0.1785714285714286,0.2558139534883721,14.0,0,-0.34517653564728856,1.113189516756036
130109,LA LIBERTAD,SALAVERRY,3.987309644670051,0.0,159,17.609478912912873,0.20050761421319796,0.05797968429756314,0.20050761421319796,11.0,1,0.5619727160475236,-0.7215584808804937
130110,LA LIBERTAD,SIMBAL,0.5245901639344263,0.0,7,1.275321333690277,0.0,0.2079166666666667,0.2459016393442623,13.0,1,-0.17516157892270576,1.2839472649772534
130111,LA LIBERTAD,VICTOR LARCO HERRERA,0.3487460815047022,0.0,39,2.422434329937722,0.0493730407523511,0.015104901567627409,0.050156739811912224,16.0,0,-1.4599829640192625,-0.6881211076991405
130112,LA LIBERTAD,ALTO TRUJILLO,25.304347826086957,2.5,133,40.02980930844314,0.0,0.17382861747716188,0.6521739130434783,16.0,2,5.466850528720205,0.158801069851305
130201,LA LIBERTAD,ASCOPE,1.477495107632094,0.0,34,4.268734738718902,0.2191780821917808,0.06986812697050664,0.22113502935420742,20.0,1,-0.14377624978461145,0.34096843416698996
130202,LA LIBERTAD,CHICAMA,2.5171790235081373,0.0,96,9.496747972868125,0.1844484629294756,0.09366347999789111,0.18625678119349007,10.0,1,0.1915631405448201,-0.05501432009676728
130203,LA LIBERTAD,CHOCOPE,1.9349240780911063,0.0,90,9.493695558790552,0.14967462039045554,0.07754194101723279,0.14967462039045554,10.0,0,-0.1495794692112415,-0.2759634341583952
130204,LA LIBERTAD,MAGDALENA DE CAO,0.765625,0.0,10,1.627327059743984,0.0,0.17775372775372775,0.3125,9.0,1,-0.13078643827729888,1.1222956184785198
130205,LA LIBERTAD,PAIJAN,6.698412698412699,0.0,202,22.79011197492632,0.3194444444444444,0.09717018969545727,0.3194444444444444,11.0,1,1.8818490109569177,-0.34067458794435634
130206,LA LIBERTAD,RAZURI,1.1566265060240963,0.0,11,2.114105967359522,0.0,0.17772938443670153,0.3855421686746988,11.0,1,0.09033081195844854,1.2740442637989582
130207,LA LIBERTAD,SANTIAGO DE CAO,0.5251989389920424,0.0,17,2.291728067063711,0.09549071618037135,0.04024124038595253,0.09814323607427056,12.0,0,-1.1012620559397166,-0.3051665220131635
130208,LA LIBERTAD,CASA GRANDE,7.7910750507099396,0.0,244,27.168077285444333,0.31237322515212984,0.09174988856538574,0.31237322515212984,11.0,1,2.124275031404193,-0.6871240157935968
130304,LA LIBERTAD,LONGOTEA,3.4242424242424243,3.0,9,2.685881188625496,0.0,0.3771949404761905,0.8787878787878788,5.0,1,3.862516753837456,4.750991727469126
130401,LA LIBERTAD,CHEPEN,3.997413793103448,0.0,263,19.50850814037962,0.14655172413793102,0.057782723152886906,0.14741379310344827,17.0,0,0.5209538784731578,-1.1619348754181946
130402,LA LIBERTAD,PACANGA,0.5709251101321586,0.0,47,3.4577424491439164,0.07136563876651983,0.05050074829145934,0.0722466960352423,31.0,0,-1.1282210935145651,-0.219062546377836
130403,LA LIBERTAD,PUEBLO NUEVO,0.08620689655172414,0.0,4,0.44661496024098685,0.04597701149425287,0.023342939481268015,0.04885057471264368,6.0,0,-1.5503317208220178,-0.5873214683963213
130701,LA LIBERTAD,SAN PEDRO DE LLOC,0.8264182895850973,0.0,43,4.222978124692328,0.06350550381033022,0.02099294147756358,0.06350550381033022,10.0,0,-1.2388517948777262,-0.7380741617558524
130702,LA LIBERTAD,GUADALUPE,1.7240184757505774,0.0,67,6.57019658450278,0.14780600461893764,0.052489917946673154,0.1489607390300231,15.0,0,-0.44526910766009725,-0.27868791156858613
130703,LA LIBERTAD,JEQUETEPEQUE,0.06870229007633588,0.0,5,0.3677351013338613,0.04580152671755725,0.026785714285714284,0.04834605597964377,17.0,0,-1.5623193505194286,-0.4413133452556969
130704,LA LIBERTAD,PACASMAYO,1.120675105485232,0.0,101,7.669092083414765,0.06413502109704641,0.013072166273523454,0.06413502109704641,11.0,0,-1.0481809946897662,-1.0372761270911472
130705,LA LIBERTAD,SAN JOSE,0.04017467248908297,0.0,3,0.26125656225936733,0.02794759825327511,0.00895979020979021,0.028820960698689956,2.0,0,-1.7266801355361954,-0.8081580442032639
130809,LA LIBERTAD,PATAZ,1.1653225806451613,0.0,42,3.7022343810286733,0.1975806451612903,0.08237704979072374,0.19959677419354838,23.0,1,-0.22696714466983461,0.40376167451107353
130903,LA LIBERTAD,COCHORCO,0.23873873873873874,0.0,8,1.0491241453150784,0.07657657657657657,0.0450836744954392,0.08108108108108109,7.0,0,-1.2357315326881468,-0.3177891067819637
130908,LA LIBERTAD,SARTIMBAMBA,0.725,0.0,8,1.9491985532520795,0.0,0.31367521367521367,0.2,24.0,1,0.2961030063021798,2.1106788594897936
131101,LA LIBERTAD,CASCAS,0.7479892761394102,0.0,42,2.9071009448194696,0.12332439678284182,0.02859254553261109,0.12332439678284182,18.0,0,-0.9537459198014596,-0.321504081447493
131201,LA LIBERTAD,VIRU,6.82258064516129,0.0,558,37.177223426815615,0.16021505376344086,0.06423765307018532,0.16129032258064516,9.0,1,1.9670378222357188,-2.4826141998850186
131202,LA LIBERTAD,CHAO,3.070339976553341,0.0,206,16.940686112348004,0.11488862837045721,0.0370607450086219,0.1160609613130129,9.0,0,-0.005103447114331495,-1.2792906907359392
131203,LA LIBERTAD,GUADALUPITO,0.2668463611859838,0.0,10,0.9439582461450273,0.11859838274932614,0.040370305370305365,0.12129380053908356,41.0,0,-1.1272658509461249,0.16500904625373125
140101,LAMBAYEQUE,CHICLAYO,11.103035143769969,0.0,1148,79.66813007253499,0.23482428115015974,0.08610247277090326,0.2356230031948882,20.0,2,5.130788953579787,-4.715314544353748
140102,LAMBAYEQUE,CHONGOYAPE,0.8654781199351702,0.0,75,5.586774537323184,0.08752025931928688,0.03593236165963092,0.08833063209076175,14.0,0,-0.9416235044398131,-0.5994790097654846
140103,LAMBAYEQUE,ETEN,3.455621301775148,0.0,54,9.081458175984173,0.31952662721893493,0.12665562250440882,0.3254437869822485,21.0,1,1.0520692330380153,0.9128451916662556
140104,LAMBAYEQUE,ETEN PUERTO,0.6666666666666666,0.0,9,1.5030832509409646,0.0,0.24874213836477985,0.2962962962962963,37.0,1,0.12729265322513297,1.9655472303858994
140105,LAMBAYEQUE,JOSE LEONARDO ORTIZ,3.063048683160415,0.0,290,19.94329589612368,0.16679968076616122,0.06826201108163313,0.16759776536312848,20.0,1,0.6413668197606143,-1.0000877393880756
140106,LAMBAYEQUE,LA VICTORIA,2.384430176565008,0.0,193,14.786898726676592,0.1260032102728732,0.04527460150902693,0.12680577849117175,22.0,0,-0.08833665198894315,-0.9066039240249009
140107,LAMBAYEQUE,LAGUNAS,0.4393063583815029,0.0,11,1.4929752983236724,0.15028901734104047,0.051279147583495416,0.1531791907514451,11.0,0,-0.7979977874015254,0.020564218367784454
140108,LAMBAYEQUE,MONSEFU,0.32281553398058255,0.0,30,2.106047042201531,0.049352750809061485,0.014029157234913233,0.05016181229773463,19.0,0,-1.5013552967513317,-0.6325650848231773
140109,LAMBAYEQUE,NUEVA ARICA,0.10816125860373647,0.0,10,0.7341255184552481,0.038348082595870206,0.014881946574859964,0.03933136676499508,16.0,0,-1.6423456486790278,-0.6028408193618757
140110,LAMBAYEQUE,OYOTUN,0.3124491456468674,0.0,70,2.8865192025429147,0.05695687550854353,0.02433762800532358,0.05777054515866558,21.0,0,-1.3155466913820104,-0.6167683758014985
140111,LAMBAYEQUE,PICSI,0.5842696629213483,0.0,40,3.4852377653043654,0.06741573033707865,0.01900171355037176,0.06843718079673136,13.0,0,-1.2842379705493272,-0.6645743977643493
140112,LAMBAYEQUE,PIMENTEL,0.26995884773662554,0.0,22,1.6459086319246092,0.05761316872427984,0.024573789129790222,0.05843621399176955,21.0,0,-1.4401017460356855,-0.4610319848888546
140113,LAMBAYEQUE,REQUE,1.4248704663212435,0.0,52,6.0104229941588345,0.14766839378238342,0.05401714079418203,0.15025906735751296,20.0,0,-0.5208602937580081,-0.14336926593021618
140114,LAMBAYEQUE,SANTA ROSA,0.7368421052631579,0.0,8,1.4633093446797731,0.3092105263157895,0.09028434773467887,0.3157894736842105,12.0,1,0.2602899542114906,0.9447693465147103
140115,LAMBAYEQUE,SA�A,0.7962962962962963,0.0,42,3.4420043128947824,0.12037037037037036,0.05239847726129985,0.12129629629629629,11.0,0,-0.8034764099795215,-0.23419022040504714
140116,LAMBAYEQUE,CAYALTI,1.6795937211449676,0.0,183,10.074781284614263,0.13850415512465375,0.06361964372529258,0.13850415512465375,15.0,0,-0.12594355862039175,-0.6005056773844937
140117,LAMBAYEQUE,PATAPO,2.0678513731825525,0.0,312,12.967970374807472,0.22051696284329564,0.09084725419550843,0.22132471728594508,3.0,1,0.837504317380316,-0.6097194792481483
140118,LAMBAYEQUE,POMALCA,1.099756690997567,0.0,249,9.839949109672606,0.12652068126520682,0.06339550012865917,0.1273317112733171,17.0,0,-0.13069858338722978,-0.7464535624775364
140119,LAMBAYEQUE,PUCALA,0.6366612111292962,0.0,38,2.8420903503454142,0.12438625204582651,0.048119666536088825,0.12520458265139117,20.0,0,-0.8676341658736447,-0.12153012907664737
140120,LAMBAYEQUE,TUMAN,1.7649918962722853,0.0,88,7.754741721376049,0.14910858995137763,0.06353649557064411,0.14991896272285252,14.0,0,-0.3021737594020833,-0.2826611940739113
140201,LAMBAYEQUE,FERRE�AFE,3.149637972646822,0.0,202,15.210620187289182,0.1263073209975865,0.032696689869742744,0.12711182622687048,20.0,0,-0.04217368572577672,-1.0983557127672183
140204,LAMBAYEQUE,MANUEL ANTONIO MESONES MURO,0.82,0.0,20,2.3960244851280907,0.21666666666666667,0.09050062010911901,0.21666666666666667,6.0,1,-0.1605031083290928,0.45774881733443035
140205,LAMBAYEQUE,PITIPO,1.077724358974359,0.0,80,5.091585940113403,0.15625,0.07878689045832409,0.15625,20.0,0,-0.35616999076871236,0.05652712339907295
140206,LAMBAYEQUE,PUEBLO NUEVO,3.039473684210526,0.0,37,6.886659088934359,0.34210526315789475,0.10315590077379325,0.34210526315789475,12.0,1,0.9178456263216058,0.8224549520465324
140301,LAMBAYEQUE,LAMBAYEQUE,2.037509976057462,0.0,151,11.644276516961112,0.09337589784517158,0.03506442419996785,0.09417398244213887,19.0,0,-0.5027743461413585,-0.9386200358302825
140302,LAMBAYEQUE,CHOCHOPE,0.1279373368146214,0.0,23,1.1513768242298374,0.024804177545691905,0.019115524997877942,0.02610966057441253,16.0,0,-1.650815605568835,-0.6632676630952483
140303,LAMBAYEQUE,ILLIMO,0.8614020950846092,0.0,44,4.075848281106642,0.10878323932312652,0.0460041094709246,0.10878323932312652,53.0,0,-0.9746438949423346,0.09877760937319868
140304,LAMBAYEQUE,JAYANCA,1.0305220883534136,0.0,117,6.39332232959943,0.1534136546184739,0.06280439890249871,0.1534136546184739,20.0,0,-0.35577892933410293,-0.20392170286918032
140305,LAMBAYEQUE,MOCHUMI,0.5303152789005658,0.0,28,2.8086529274383087,0.05982215036378335,0.013831104818019318,0.060630557801131774,33.0,0,-1.4465987548307786,-0.46781593503983265
140306,LAMBAYEQUE,MORROPE,0.27228915662650605,0.0,47,2.228096234916952,0.05542168674698795,0.022220459982336183,0.05622489959839357,17.0,0,-1.390704220182351,-0.6075605517480671
140307,LAMBAYEQUE,MOTUPE,3.3496391339214115,0.0,178,13.389410330993533,0.20850040096230954,0.14323561990779848,0.3199679230152366,15.0,1,1.1709420504880725,0.3879757869043184
140308,LAMBAYEQUE,OLMOS,2.4503205128205128,0.0,65,7.034195315985006,0.2203525641025641,0.14429025873637916,0.3245192307692308,15.0,1,0.7441271093747948,0.9164194173646988
140309,LAMBAYEQUE,PACORA,0.43612693246541906,0.0,43,2.8347827891237514,0.07811228641171684,0.03429563090420257,0.07892595606183889,20.0,0,-1.1913478597428102,-0.4084987052188043
140310,LAMBAYEQUE,SALAS,0.4896949711459192,0.0,54,3.1069320132812623,0.09068425391591096,0.03947011207222739,0.09150865622423743,13.0,0,-1.047993051851077,-0.43213881208490873
140311,LAMBAYEQUE,SAN JOSE,0.3587662337662338,0.0,19,2.0023171083762445,0.04788961038961039,0.016376198525864156,0.04788961038961039,24.0,0,-1.5306001318744915,-0.5396197609274433
140312,LAMBAYEQUE,TUCUME,0.5482374768089053,0.0,35,2.8078526995187527,0.07328385899814471,0.0158271651953329,0.07421150278293136,10.0,0,-1.2949694086535692,-0.6677666654203209
150101,LIMA,LIMA,4.98014888337469,0.0,173,21.055512188646016,0.22084367245657568,0.08917779541492668,0.22084367245657568,16.0,1,1.0408057871163272,-0.5206065582365188
150102,LIMA,ANCON,6.274390243902439,0.0,86,15.320290315783991,0.32926829268292684,0.12244988866625921,0.3353658536585366,19.0,1,1.5997987971232392,0.5051679807767165
150103,LIMA,ATE,6.171039844509233,0.0,524,42.92731100493087,0.1185617103984451,0.03453617511650442,0.119533527696793,18.0,1,1.5900370021024217,-2.8270401818357027
150104,LIMA,BARRANCO,1.7586206896551724,0.0,15,3.3749091677564333,0.0,0.1277847396268449,0.39655172413793105,15.0,1,-0.058047335944110656,0.8700173081048044
150105,LIMA,BRE�A,2.530201342281879,0.0,34,6.918079656520149,0.2483221476510067,0.06900313622740094,0.2550335570469799,19.0,1,0.19309894720461987,0.31823991998077505
150106,LIMA,CARABAYLLO,8.08411214953271,0.0,664,51.56455779785931,0.1256490134994808,0.03972717268964882,0.12668743509865005,18.0,2,2.346843656448638,-3.4287054667206127
150107,LIMA,CHACLACAYO,11.111731843575418,0.0,131,27.32974369248287,0.4022346368715084,0.13242361242745407,0.40782122905027934,19.0,1,2.926620365321266,0.17776395862166217
150108,LIMA,CHORRILLOS,0.9535573122529645,0.0,102,7.1557225222813985,0.06521739130434782,0.02640671134275261,0.06620553359683795,16.0,0,-1.009866218233102,-0.8502748141400116
150109,LIMA,CIENEGUILLA,3.9190751445086707,0.0,69,11.341485322392861,0.3063583815028902,0.0849549587177619,0.31213872832369943,19.0,1,0.9015003788487771,0.38698067244970397
150110,LIMA,COMAS,14.165703275529864,0.0,1069,84.63963903622052,0.2302504816955684,0.10086404046768843,0.23121387283236994,16.0,2,5.48929343372024,-4.759403447559505
150111,LIMA,EL AGUSTINO,2.0843253968253967,0.0,271,17.608446080061533,0.05257936507936508,0.014016637405198366,0.05357142857142857,16.0,0,-0.42579968076405766,-1.7482185169264384
150112,LIMA,INDEPENDENCIA,7.733619763694952,0.0,642,50.85441761834637,0.14822771213748656,0.054055271977386285,0.14822771213748656,16.0,2,2.445399094608123,-3.163600022542778
150113,LIMA,JESUS MARIA,6.041095890410959,1.0,37,9.676179417212804,0.0,0.14649521444901836,0.5205479452054794,14.0,1,1.4127082081456979,1.1689103828970846
150114,LIMA,LA MOLINA,3.6638655462184873,0.0,72,11.183554335655584,0.3067226890756303,0.12351921755785106,0.31092436974789917,18.0,1,1.0837354276821065,0.6909899273935752
150115,LIMA,LA VICTORIA,1.75,0.0,57,7.529456044983152,0.140625,0.03340493000392163,0.14322916666666666,18.0,0,-0.5796170706423067,-0.4263200205045342
150116,LIMA,LINCE,1.8488372093023255,0.0,29,5.040573615060891,0.23255813953488372,0.06134330858531065,0.23837209302325582,15.0,1,-0.05037329848387896,0.2502070289537988
150117,LIMA,LOS OLIVOS,3.1029126213592235,0.0,272,21.24231651525117,0.10388349514563107,0.041903438665731124,0.10485436893203884,16.0,0,0.1897254445341802,-1.4863289577776313
150118,LIMA,LURIGANCHO,5.305019305019305,0.0,328,30.143184908502928,0.15057915057915058,0.04695433029225463,0.15154440154440155,19.0,1,1.0176571376442851,-1.7281207830743681
150119,LIMA,LURIN,4.5843373493975905,0.0,93,15.028150147308576,0.25301204819277107,0.08764963667961276,0.25903614457831325,16.0,1,0.8599293531643005,-0.018440072397315953
150120,LIMA,MAGDALENA DEL MAR,1.1,0.0,22,3.361625546635061,0.18421052631578946,0.053252126010214756,0.18947368421052632,16.0,0,-0.4810916038864899,0.11308636016329736
150121,LIMA,PUEBLO LIBRE,1.3505434782608696,0.0,53,6.037424023129911,0.10054347826086957,0.03242137415199502,0.10326086956521739,18.0,0,-0.8791756661389201,-0.5144934344058569
150122,LIMA,MIRAFLORES,2.7972972972972974,1.0,25,5.190895693500641,0.0,0.24488318698845019,0.5135135135135135,11.0,1,1.455770079935595,2.218113871156283
150123,LIMA,PACHACAMAC,12.654411764705882,0.0,174,33.558197621373466,0.3088235294117647,0.14896983355709376,0.4411764705882353,16.0,1,3.2425288749686394,-0.14177311599703898
150124,LIMA,PUCUSANA,2.2091152815013406,0.0,92,11.017374653586382,0.08847184986595175,0.04117389261170351,0.09115281501340483,11.0,0,-0.5837897913486355,-0.8411053080618393
150125,LIMA,PUENTE PIEDRA,8.998769987699877,0.0,543,49.87853633749648,0.17466174661746617,0.06428661980724111,0.17589175891758918,16.0,2,2.5532031720013237,-2.778083990216048
150126,LIMA,PUNTA HERMOSA,0.18181818181818182,0.0,2,0.43026034786179024,0.0,0.07098765432098765,0.16363636363636364,15.0,0,-1.1720685362430279,0.08081591059540054
150128,LIMA,RIMAC,3.334970530451866,0.0,249,21.172664082973778,0.07269155206286837,0.026137904126410032,0.07367387033398821,19.0,0,-0.08492479582341483,-1.651897980801029
150129,LIMA,SAN BARTOLO,0.5892857142857143,0.0,4,1.013776280516947,0.0,0.25424242424242427,0.3392857142857143,13.0,1,0.28551768665723193,1.8759049944936974
150130,LIMA,SAN BORJA,2.2720588235294117,0.0,39,6.381806529876559,0.27941176470588236,0.12883186220320725,0.2867647058823529,16.0,1,0.6511591615760196,0.8971330243062974
150131,LIMA,SAN ISIDRO,0.3304093567251462,0.0,10,1.3175199796415071,0.0935672514619883,0.0388294338440966,0.09649122807017543,10.0,0,-1.1722607184175726,-0.2912086134820904
150132,LIMA,SAN JUAN DE LURIGANCHO,13.085519922254615,0.0,1009,84.80563998704385,0.13216715257531583,0.04820573894283355,0.13313896987366375,16.0,2,4.480090229996049,-5.358051404467518
150133,LIMA,SAN JUAN DE MIRAFLORES,4.152882205513785,0.0,426,30.766414851870856,0.06265664160401002,0.024835794884513623,0.06349206349206349,18.0,0,0.5346424202902611,-2.4425035281564953
150134,LIMA,SAN LUIS,0.9495412844036697,0.0,21,3.4177390416110596,0.14678899082568808,0.051983520680999665,0.15137614678899083,13.0,0,-0.6910248049521809,-0.06436548560742082
150135,LIMA,SAN MARTIN DE PORRES,5.724509803921569,0.0,515,39.73509817177367,0.10392156862745099,0.03064291197149437,0.10490196078431373,16.0,0,1.3516457467387248,-2.8023000087744854
150136,LIMA,SAN MIGUEL,2.0182648401826486,0.0,50,7.231314115604126,0.1735159817351598,0.05971186578589954,0.1780821917808219,16.0,0,-0.25362762861951293,-0.09778008882275764
150137,LIMA,SANTA ANITA,0.6125498007968128,0.0,66,4.961232363661773,0.04083665338645418,0.012659829858626766,0.04183266932270916,18.0,0,-1.375788840044633,-0.8661659768774982
150139,LIMA,SANTA ROSA,4.951612903225806,1.0,40,7.901464583217057,0.0,0.14254160724954762,0.6129032258064516,15.0,1,1.4530293064277533,1.4536736522553764
150140,LIMA,SANTIAGO DE SURCO,0.7330049261083744,0.0,90,5.287278564227469,0.06502463054187192,0.022871613124339253,0.06600985221674877,14.0,0,-1.1196769241066973,-0.8090872838996468
150141,LIMA,SURQUILLO,2.0681818181818183,0.0,22,4.209824695511934,0.0,0.14747686582394232,0.4090909090909091,14.0,1,0.1462400648065484,0.9891565455209512
150142,LIMA,VILLA EL SALVADOR,1.404344193817878,0.0,180,11.873684156449135,0.050960735171261484,0.015514741474365141,0.05179615705931495,16.0,0,-0.821852769808589,-1.3316504946925884
150143,LIMA,VILLA MARIA DEL TRIUNFO,6.358,0.0,717,51.30036877060437,0.083,0.04554840442684192,0.084,14.0,2,2.085465724437628,-3.6211643077199938
150201,LIMA,BARRANCA,11.378787878787879,0.0,124,26.08654892649464,0.0,0.07232902636016028,0.3939393939393939,16.0,1,1.430321376320762,-0.936143362084944
150202,LIMA,PARAMONGA,18.15,1.0,101,32.354713721496594,0.0,0.18893558828936008,0.5833333333333334,12.0,2,3.7532429038353157,0.2440830829841311
150203,LIMA,PATIVILCA,10.0,2.0,40,13.382485161243748,0.0,0.2740453178575661,0.6060606060606061,11.0,1,3.2421616361280394,2.359885408857308
150204,LIMA,SUPE,14.159420289855072,5.0,86,21.629705277432095,0.0,0.2640049578077702,0.7971014492753623,12.0,2,5.656493973321719,3.13644520763108
150205,LIMA,SUPE PUERTO,12.333333333333334,7.0,60,13.58220123824524,0.0,0.19521538839261499,0.9047619047619048,14.0,2,5.947855816043862,3.8699742226086054
150501,LIMA,SAN VICENTE DE CA�ETE,5.625,0.0,54,12.408128292666575,0.0,0.1294696765723045,0.4431818181818182,12.0,1,0.7766691245620845,0.42036265710887116
150502,LIMA,ASIA,0.90625,0.0,11,1.834723667885712,0.0,0.18027210884353742,0.375,20.0,1,0.02426390516077331,1.3881734918738342
150504,LIMA,CERRO AZUL,0.24528301886792453,0.0,2,0.4720753208753511,0.0,0.05128205128205129,0.22641509433962265,13.0,0,-1.117743648711117,0.04009338840311231
150505,LIMA,CHILCA,8.189024390243903,0.0,110,23.17972466690559,0.3231707317073171,0.08529565109432141,0.3231707317073171,13.0,1,1.8190632813369711,-0.2642419293037111
150507,LIMA,IMPERIAL,8.833333333333334,0.0,141,27.758715681679085,0.2777777777777778,0.11400919355782467,0.2839506172839506,16.0,1,1.991666047592658,-0.394435413784575
150508,LIMA,LUNAHUANA,0.4,0.0,6,0.9480630408426248,0.0,0.05470521541950113,0.21176470588235294,13.0,0,-1.0977227409806298,0.0036855826142673446
150509,LIMA,MALA,11.491666666666667,0.0,122,24.063110021127546,0.43333333333333335,0.14648715781188382,0.44166666666666665,16.0,1,3.11184005497717,0.4752583943189039
150510,LIMA,NUEVO IMPERIAL,2.2035928143712575,0.0,43,6.996610746781922,0.23952095808383234,0.11065564023046706,0.24550898203592814,16.0,1,0.3618720895075866,0.5750217960993693
150512,LIMA,QUILMANA,3.7547169811320753,0.0,61,9.813171088220807,0.2830188679245283,0.11951631104562156,0.2893081761006289,16.0,1,0.9020505662108117,0.6126315451481501
150513,LIMA,SAN ANTONIO,0.9137931034482759,0.0,6,1.4297875747529614,0.0,0.17230576441102757,0.43103448275862066,21.0,1,0.0911563336614221,1.4854163222365326
150514,LIMA,SAN LUIS,0.8923076923076924,0.0,13,2.3541980631862858,0.0,0.08549107142857143,0.26153846153846155,16.0,0,-0.7227847225874421,0.31397917921986457
150515,LIMA,SANTA CRUZ DE FLORES,1.6101694915254237,0.0,22,3.7417341631312895,0.0,0.11749036196187622,0.3389830508474576,15.0,0,-0.24022902571609042,0.6378982167845546
150601,LIMA,HUARAL,2.244565217391304,0.0,65,8.852656984235258,0.20108695652173914,0.06953132159810359,0.20652173913043478,16.0,1,0.037734501034187025,-0.005637206641558176
150604,LIMA,AUCALLAMA,1.0625,0.0,17,3.1168644099479206,0.0,0.04969135802469136,0.171875,16.0,0,-1.079265280866102,-0.2136638589259118
150605,LIMA,CHANCAY,2.7083333333333335,0.0,31,5.640718778075479,0.0,0.09873045519793655,0.375,16.0,0,-0.07862230684381051,0.4522184120561341
150714,LIMA,RICARDO PALMA,1.7731958762886597,0.0,30,5.14632318881105,0.27835051546391754,0.10890573786303775,0.28350515463917525,12.0,1,0.44277080705613675,0.7666200025437717
150716,LIMA,SAN ANTONIO,3.3920454545454546,0.0,57,9.032752545231627,0.2556818181818182,0.21355412197919324,0.26136363636363635,16.0,1,1.1970567416280629,1.3062966581631503
150728,LIMA,SANTA EULALIA,0.7368421052631579,0.0,11,2.0453311471214244,0.2,0.10638050955511273,0.20526315789473684,15.0,1,-0.2061533609465407,0.6661639719064283
150801,LIMA,HUACHO,6.891566265060241,0.0,69,16.45732857458567,0.0,0.1419555454486526,0.3614457831325301,16.0,1,0.9072126429161854,0.16654828653761583
150805,LIMA,HUALMAY,12.574074074074074,0.0,85,22.695734508567945,0.0,0.12590370008554921,0.4444444444444444,16.0,1,1.7938745227952653,-0.2657907749175526
150806,LIMA,HUAURA,29.48611111111111,0.0,243,62.29031337561321,0.0,0.1652842682519992,0.4722222222222222,10.0,2,5.16366138003366,-2.271853802430627
150810,LIMA,SANTA MARIA,17.327868852459016,1.0,137,34.54563212241018,0.0,0.11347065670824362,0.5409836065573771,16.0,2,3.2830566710177775,-0.5164365980395693
150811,LIMA,SAYAN,0.9047619047619048,0.0,9,2.13596776114341,0.0,0.07855862775217615,0.2222222222222222,14.0,0,-0.8593186842449473,0.16300892001142203
150812,LIMA,VEGUETA,3.2954545454545454,0.0,22,5.433814771889691,0.0,0.0710990728179808,0.4090909090909091,16.0,0,-0.10889723133561294,0.3076951240653923
160101,LORETO,IQUITOS,23.060536398467434,9.0,1411,73.1973986600173,0.23601532567049807,0.19878612677444818,0.9754789272030652,3.0,2,12.947563643880995,-0.4845344909575819
160102,LORETO,ALTO NANAY,0.0552099533437014,0.0,4,0.2938986787466884,0.041990668740279936,0.02609597924773022,0.042768273716951785,7.0,0,-1.5707089253350657,-0.5685658919792189
160103,LORETO,FERNANDO LORES,0.5415657788539144,0.0,27,2.0378994555154515,0.19854721549636803,0.1026634924411224,0.1993543179983858,48.0,1,-0.31376798103587744,0.9505230925143641
160104,LORETO,INDIANA,0.350541215653622,0.0,11,0.9799922463158345,0.18734388009991673,0.09758432539682542,0.18734388009991673,4.0,1,-0.371646500676062,0.4658290490851895
160105,LORETO,LAS AMAZONAS,0.08653846153846154,0.0,6,0.4036900297618231,0.06468531468531469,0.029846269216347955,0.06555944055944056,53.0,0,-1.5354181554201267,0.03687675289883163
160106,LORETO,MAZAN,0.2865035516969219,0.0,28,1.3446961527715564,0.13180741910023677,0.07755625736504966,0.13259668508287292,10.0,0,-0.7421884879070959,0.11552032462897935
160107,LORETO,NAPO,0.19935691318327975,0.0,13,0.9154618102297798,0.09565916398713827,0.05748764509826457,0.09565916398713827,6.0,0,-1.0770722348451716,-0.17412063263201163
160108,LORETO,PUNCHANA,9.464313123561013,4.0,363,23.97677455382173,0.26093630084420566,0.28191548877358796,0.8626247122026094,4.0,2,6.341181563396066,2.9213157584249023
160110,LORETO,TORRES CAUSANA,0.0354295837023915,0.0,7,0.31296577922413726,0.022143489813994686,0.016216016548463358,0.023029229406554472,8.0,0,-1.723825803528142,-0.71795076892963
160112,LORETO,BELEN,8.18561872909699,2.0,574,34.13227751600944,0.23160535117056857,0.2535317827826632,0.7892976588628763,4.0,2,5.615749321849861,1.1210869683379325
160113,LORETO,SAN JUAN BAUTISTA,14.168473728106756,5.0,710,41.697128386562866,0.2627189324437031,0.24909476415273615,0.9165971643035863,3.0,2,8.345211277359912,1.5378494517937644
160201,LORETO,YURIMAGUAS,15.46896551724138,3.0,321,31.66756191237189,0.2950191570881226,0.2414068870487038,0.8183908045977012,47.0,2,6.319428895158839,2.2863858689853624
160202,LORETO,BALSAPUERTO,0.13526570048309178,0.0,11,0.7351730121166297,0.057971014492753624,0.030878196027269354,0.057971014492753624,13.0,0,-1.4458957458859654,-0.43972146041494925
160205,LORETO,JEBEROS,1.2777777777777777,0.0,18,2.64691761101591,0.2222222222222222,0.3500984049270463,0.3611111111111111,53.0,1,1.5172066399721753,3.3465829136330565
160206,LORETO,LAGUNAS,1.0557404326123128,0.0,49,3.8218725745223376,0.18801996672212978,0.07149386665150657,0.18801996672212978,47.0,0,-0.3922521461712239,0.5219886259324744
160210,LORETO,SANTA CRUZ,0.09113924050632911,0.0,9,0.658701549768128,0.03459915611814346,0.023603737666237665,0.035443037974683546,50.0,0,-1.7037759090356102,-0.1737463348877717
160211,LORETO,TENIENTE CESAR LOPEZ ROJAS,0.10495867768595041,0.0,12,0.6752227963707589,0.05371900826446281,0.028739177374413106,0.05454545454545454,48.0,0,-1.5652734413300522,-0.09057085156295405
160301,LORETO,NAUTA,1.2016936104695919,0.0,36,3.36571907266521,0.19091608929946113,0.22000146435678658,0.33795227097767516,3.0,1,0.8466269188547643,1.6086005353985848
160302,LORETO,PARINARI,0.06479113384484228,0.0,8,0.49470846498350507,0.029838022165387893,0.01954466655831844,0.030690537084398978,10.0,0,-1.6615857125915547,-0.6496382984175513
160303,LORETO,TIGRE,0.07507739938080496,0.0,8,0.4325365213557688,0.05030959752321981,0.027309333234972276,0.05030959752321981,12.0,0,-1.5219454598680882,-0.4893782475096977
160304,LORETO,TROMPETEROS,0.2346774193548387,0.0,29,1.7002629945924357,0.07258064516129033,0.05164425069225441,0.07258064516129033,6.0,0,-1.1723308445151674,-0.3698193951260695
160305,LORETO,URARINAS,0.28626247122026094,0.0,29,1.8322228987641835,0.06753645433614736,0.05510551745178873,0.06753645433614736,53.0,0,-1.2854721223652605,0.14221623098116537
160401,LORETO,RAMON CASTILLA,0.9638364779874213,0.0,42,3.5907306063983637,0.1878930817610063,0.10041282207966096,0.1878930817610063,6.0,1,-0.1674475276313671,0.33490457143576957
160402,LORETO,PEBAS,0.20154440154440154,0.0,26,1.2613643747412326,0.06795366795366796,0.06688317264051422,0.06795366795366796,10.0,0,-1.1451401188432178,-0.201455307309451
160403,LORETO,YAVARI,0.11646234676007006,0.0,17,0.9021818793920793,0.04553415061295972,0.03217343567913244,0.046409807355516634,10.0,0,-1.479757801026005,-0.5250490207357279
160404,LORETO,SAN PABLO,0.07131011608623548,0.0,9,0.4747936009778413,0.03814262023217247,0.026939340051373245,0.03897180762852405,5.0,0,-1.565038228711385,-0.6157590706075398
160501,LORETO,REQUENA,1.0385208012326657,0.0,80,4.7995308225967,0.23035439137134053,0.11266489121826671,0.23035439137134053,46.0,1,0.13213461886195046,0.8987291153191808
160502,LORETO,ALTO TAPICHE,0.006112469437652812,0.0,2,0.09230436029835046,0.0036719706242350062,0.002855977152182783,0.004889975550122249,6.0,0,-1.9032838176205864,-0.8956205321624616
160503,LORETO,CAPELO,0.047105004906771344,0.0,9,0.4870642258698067,0.016683022571148183,0.006647020301244271,0.017664376840039256,53.0,0,-1.9028380994195904,-0.3367595668380357
160504,LORETO,EMILIO SAN MARTIN,0.21293103448275863,0.0,35,1.9213873477441616,0.03620689655172414,0.02128292098135172,0.03620689655172414,1.0,0,-1.494961132624864,-0.8229014619113206
160505,LORETO,MAQUIA,0.07172995780590717,0.0,5,0.4583063239481693,0.03375527426160337,0.018233016543470607,0.03481012658227848,15.0,0,-1.6661055180835644,-0.5827507762768973
160506,LORETO,PUINAHUA,0.011214953271028037,0.0,1,0.10530516651217399,0.010280373831775701,0.004677268475210477,0.011214953271028037,2.0,0,-1.8514536612659265,-0.8983782425893817
160507,LORETO,SAQUENA,0.012567324955116697,0.0,1,0.11139742949722492,0.011669658886894075,0.005840071877807727,0.012567324955116697,9.0,0,-1.8548976404852087,-0.8082593976414035
160508,LORETO,SOPLIN,0.007285974499089253,0.0,1,0.08504639366068308,0.005474452554744526,0.002737226277372263,0.007285974499089253,50.0,0,-2.0023198415518197,-0.4086463307277686
160509,LORETO,TAPICHE,0.011166253101736972,0.0,2,0.11628825164894645,0.008695652173913044,0.004761904761904762,0.009925558312655087,5.0,0,-1.8635765835389884,-0.8731799866768735
160510,LORETO,JENARO HERRERA,0.6314720812182741,0.0,23,2.4335273151092793,0.1350253807106599,0.08982508772439324,0.1350253807106599,2.0,0,-0.5879828932476527,0.10135217642358739
160511,LORETO,YAQUERANA,0.018760195758564437,0.0,2,0.14156119589765667,0.017128874388254486,0.008027210884353741,0.01794453507340946,7.0,0,-1.8070252850011512,-0.7956059262760402
160601,LORETO,CONTAMANA,1.977183320220299,0.0,77,7.123079934603382,0.24468922108575925,0.09504033555759597,0.24468922108575925,53.0,1,0.24638026502445406,0.7843712835338529
160602,LORETO,INAHUAYA,0.1493288590604027,0.0,18,1.096600705187088,0.03271812080536913,0.031245104110284916,0.03355704697986577,46.0,0,-1.6281183830977426,-0.19997376168065992
160603,LORETO,PADRE MARQUEZ,0.05013192612137203,0.0,9,0.4153417600847002,0.026385224274406333,0.01436745472837022,0.027264731750219876,42.0,0,-1.786563449813532,-0.3562469489101912
160604,LORETO,PAMPA HERMOSA,0.03499562554680665,0.0,6,0.28154084064348994,0.023622047244094488,0.016499874906179633,0.024496937882764653,27.0,0,-1.7637468518018904,-0.5007603445633936
160605,LORETO,SARAYACU,0.5016666666666667,0.0,53,2.663956435246059,0.11416666666666667,0.08018215196888119,0.11416666666666667,3.0,0,-0.6991357715894858,-0.11514313319934508
160606,LORETO,VARGAS GUERRA,0.10548885077186965,0.0,11,0.5572113174344783,0.06174957118353345,0.02915184958103413,0.06174957118353345,4.0,0,-1.421465274272513,-0.5303561565303762
160701,LORETO,BARRANCA,1.6229903536977492,0.0,42,4.79567919775214,0.2877813504823151,0.15470469353561894,0.28858520900321544,4.0,1,0.7440012756950128,1.05908958396309
160702,LORETO,CAHUAPANAS,0.006968641114982578,0.0,1,0.08318701314504057,0.0034965034965034965,0.0017482517482517483,0.006968641114982578,20.0,0,-1.9409757192185166,-0.7455565495397155
160703,LORETO,MANSERICHE,0.30973451327433627,0.0,35,1.8873658386335739,0.09654062751407884,0.06633577584309326,0.09654062751407884,3.0,0,-0.9387654670975953,-0.21796592316991256
160704,LORETO,MORONA,0.4867358708189158,0.0,39,2.3784396478804077,0.10149942329873125,0.07085432479740318,0.10265282583621683,53.0,0,-0.9692736405342942,0.3496989744087813
160705,LORETO,PASTAZA,0.16176470588235295,0.0,29,1.2769866581248355,0.0457516339869281,0.04401377445122335,0.0457516339869281,4.0,0,-1.3652128740456604,-0.5383137784497724
160706,LORETO,ANDOAS,0.05384615384615385,0.0,3,0.2659454179758507,0.045054945054945054,0.02392739273927393,0.046153846153846156,3.0,0,-1.558809746067885,-0.6136762472171821
160801,LORETO,PUTUMAYO,0.3204113924050633,0.0,31,1.7871803923518526,0.10443037974683544,0.057507694471205,0.10443037974683544,3.0,0,-0.9545081973853631,-0.24664036785884993
160802,LORETO,ROSA PANDURO,0.125,0.0,2,0.3992179855667828,0.075,0.0641025641025641,0.1,6.0,0,-1.1319527253569208,-0.09853364599577394
160803,LORETO,TENIENTE MANUEL CLAVERO,0.41214470284237725,0.0,56,3.055373087296427,0.05297157622739018,0.07293371706818573,0.05297157622739018,14.0,0,-1.0733773535435784,-0.2986787467220683
170101,MADRE DE DIOS,TAMBOPATA,16.594976452119308,4.0,317,34.66422257043014,0.24332810047095763,0.16301305726179505,0.7048665620094191,46.0,2,6.107905304915115,1.5050722592068662
170102,MADRE DE DIOS,INAMBARI,2.7253886010362693,0.0,131,8.176627120433329,0.22020725388601037,0.17982286460146674,0.4119170984455959,46.0,1,1.2483180045024174,1.5305329329841437
170103,MADRE DE DIOS,LAS PIEDRAS,2.0831987075928917,0.0,171,8.762640559466574,0.24636510500807754,0.15730348825312535,0.37964458804523427,46.0,1,1.1521605654118032,1.2374039169369142
170104,MADRE DE DIOS,LABERINTO,1.2203947368421053,0.0,46,3.8209229874157074,0.18530701754385964,0.16176622396537108,0.34868421052631576,47.0,1,0.47064517918179916,1.6001834672713902
170201,MADRE DE DIOS,MANU,0.031835205992509365,0.0,3,0.23882829421227153,0.02153558052434457,0.009059668853483287,0.02247191011235955,8.0,0,-1.775112553548148,-0.7653502203390647
170202,MADRE DE DIOS,FITZCARRALD,0.0049504950495049506,0.0,1,0.07018538058791003,0.003305785123966942,0.001652892561983471,0.0049504950495049506,16.0,0,-1.9375668575274179,-0.7940994338164954
170203,MADRE DE DIOS,MADRE DE DIOS,1.0337662337662337,0.0,66,4.036594844258628,0.22770562770562772,0.10580440616686285,0.22857142857142856,45.0,1,0.03881811220774247,0.8801655757385807
170204,MADRE DE DIOS,HUEPETUHE,1.5380577427821522,0.0,82,4.585352166993657,0.15485564304461943,0.19222857854610823,0.442257217847769,48.0,1,0.8867765154824023,1.8966620230886928
170301,MADRE DE DIOS,I�APARI,0.625,0.0,34,2.2189105861186,0.10698198198198199,0.10800971348710726,0.2533783783783784,48.0,0,-0.38919707759286803,0.9509046828172472
170302,MADRE DE DIOS,IBERIA,1.2653721682847896,0.0,33,3.041641675936161,0.21844660194174756,0.1422779305116265,0.33171521035598706,7.0,1,0.4763551922923794,1.0734619577216014
170303,MADRE DE DIOS,TAHUAMANU,0.32903225806451614,0.0,24,1.432839173017548,0.15241935483870966,0.07646468140414872,0.1532258064516129,46.0,0,-0.7303273608019856,0.5802459158238394
190301,PASCO,OXAPAMPA,0.04812319538017324,0.0,2,0.22283897566850547,0.04619826756496631,0.019428387925497753,0.04619826756496631,53.0,0,-1.7048874353055012,-0.10150627641553484
190304,PASCO,PALCAZU,0.3613013698630137,0.0,21,1.6909131697199506,0.09503424657534247,0.041259518270708354,0.09503424657534247,4.0,0,-1.109830071857409,-0.3762232200155218
190305,PASCO,POZUZO,0.2616822429906542,0.0,9,0.9185161601265711,0.11962616822429907,0.05584685809404911,0.12149532710280374,12.0,0,-0.9736868327247572,-0.020864249228754003
190306,PASCO,PUERTO BERMUDEZ,1.24496644295302,0.0,39,3.844117553350131,0.2533557046979866,0.1159938488623442,0.2533557046979866,51.0,1,0.173652140723317,1.1808641653506573
190307,PASCO,VILLA RICA,0.16464471403812825,0.0,16,0.9496498964170705,0.07279029462738301,0.0468081074580743,0.07365684575389948,44.0,0,-1.339460918772381,0.062034873783325985
190308,PASCO,CONSTITUCION,2.936046511627907,0.0,45,6.060241753128649,0.26356589147286824,0.127162018706615,0.4050387596899225,46.0,1,0.8732394456244325,1.4151912410314467
200101,PIURA,PIURA,31.05542544886807,1.0,2084,147.19315869914695,0.30210772833723654,0.15129641901061486,0.522248243559719,18.0,2,12.396505923849743,-8.252307837263416
200104,PIURA,CASTILLA,23.175355450236967,0.0,1519,99.41703325713812,0.30963665086887837,0.12068911824916168,0.45023696682464454,20.0,2,8.500387549608856,-5.872455811824075
200105,PIURA,CATACAOS,7.084067253803043,0.0,428,34.69434386679995,0.2634107285828663,0.09914674161404295,0.2634107285828663,20.0,1,2.368258198586144,-1.3305991894671727
200107,PIURA,CURA MORI,1.4588045234248788,0.0,99,7.058113208240212,0.1583198707592892,0.06636365210670604,0.1591276252019386,20.0,0,-0.28274101886687286,-0.15191900556521176
200108,PIURA,EL TALLAN,0.7195121951219512,0.0,36,3.427914071851513,0.11991869918699187,0.048160231982027395,0.12195121951219512,18.0,0,-0.8626971240613015,-0.17273974362521213
200109,PIURA,LA ARENA,1.9418886198547216,0.0,109,8.849919676093604,0.17271993543179984,0.0598984226279965,0.17271993543179984,17.0,0,-0.12177863679518568,-0.2811311778768836
200110,PIURA,LA UNION,3.564387917329094,0.0,276,19.386850898003317,0.18124006359300476,0.07066334738935827,0.1820349761526232,20.0,1,0.7385962659398232,-0.9020663235049503
200111,PIURA,LAS LOMAS,0.9017713365539453,0.0,77,4.08130099310799,0.14492753623188406,0.07071774851012669,0.14492753623188406,24.0,0,-0.5177973042087847,0.03690644018913586
200114,PIURA,TAMBO GRANDE,9.263535031847134,0.0,271,29.105914783796763,0.2619426751592357,0.1472490707509644,0.42038216560509556,21.0,1,2.762087521861056,-0.15934804758615853
200115,PIURA,VEINTISEIS DE OCTUBRE,28.974193548387095,2.0,1029,102.0647663904059,0.37849462365591396,0.17614846652888236,0.5978494623655914,19.0,2,9.922153907443318,-3.554167953961466
200201,PIURA,AYABACA,0.03380588876772083,0.0,5,0.2839816938672121,0.018558951965065504,0.01118995633187773,0.019629225736095966,20.0,0,-1.802732325754891,-0.6353108069688279
200202,PIURA,FRIAS,0.007371007371007371,0.0,2,0.09462915649706258,0.005733005733005733,0.0019125683060109292,0.006552006552006552,17.0,0,-1.9252190248518222,-0.7770672386092766
200203,PIURA,JILILI,0.0035294117647058825,0.0,1,0.05930392075825204,0.002355712603062426,0.001177856301531213,0.0035294117647058825,10.0,0,-1.9319383499341765,-0.8672457289416834
200207,PIURA,PAIMAS,0.3895253682487725,0.0,30,2.318110919749778,0.06955810147299508,0.035373412936207785,0.07037643207855974,16.0,0,-1.2632950945408383,-0.42785682477822173
200210,PIURA,SUYO,0.5669934640522876,0.0,73,3.9777266448808657,0.08088235294117647,0.05605642304222558,0.08169934640522876,24.0,0,-0.9693138506356891,-0.2912871730453734
200301,PIURA,HUANCABAMBA,0.08028616852146264,0.0,8,0.49871942290396426,0.04213036565977742,0.017349193721508758,0.04292527821939587,20.0,0,-1.6327150571533815,-0.5131935136250381
200302,PIURA,CANCHAQUE,0.04217687074829932,0.0,2,0.226456035608851,0.03537414965986395,0.017938237965485923,0.036734693877551024,22.0,0,-1.6905442801914048,-0.4872607221352279
200303,PIURA,EL CARMEN DE LA FRONTERA,0.015384615384615385,0.0,2,0.14595127662315596,0.009230769230769232,0.007716049382716049,0.012307692307692308,27.0,0,-1.8930260734487276,-0.6058602878943515
200304,PIURA,HUARMACA,0.03963666391412056,0.0,7,0.33027456502231434,0.022295623451692816,0.016046831955922866,0.023121387283236993,19.0,0,-1.7499739269308803,-0.600243706188366
200306,PIURA,SAN MIGUEL DE EL FAIQUE,0.27800269905533065,0.0,16,1.3187792600866985,0.08502024291497975,0.05988812437341849,0.08636977058029689,20.0,0,-1.1255790014116767,-0.0626386231890528
200401,PIURA,CHULUCANAS,11.096625766871165,0.0,335,34.54296055036215,0.2714723926380368,0.1440607737115715,0.40567484662576686,20.0,1,3.1937661155212846,-0.6096005108785266
200402,PIURA,BUENOS AIRES,0.7379807692307693,0.0,39,2.974156812143556,0.15544871794871795,0.08202411128286427,0.15625,18.0,0,-0.5055494716362519,0.23322898486271304
200403,PIURA,CHALACO,0.02586206896551724,0.0,2,0.1758986889977344,0.020114942528735632,0.009606147934678195,0.022988505747126436,21.0,0,-1.8108038596532012,-0.6165381327081787
200404,PIURA,LA MATANZA,1.8088386433710175,0.0,72,6.60533622047166,0.24357656731757452,0.0932388139849273,0.24357656731757452,19.0,1,0.2732763642981326,0.4317526839626885
200405,PIURA,MORROPON,2.3669354838709675,0.0,98,8.704839419450442,0.26370967741935486,0.1042698134781453,0.26370967741935486,15.0,1,0.6082228382074247,0.40410458040934993
200406,PIURA,SALITRAL,2.4706355591311344,0.0,71,7.437358580382182,0.28801287208366855,0.10483585957670066,0.28801287208366855,20.0,1,0.6498554270837331,0.6495330927887871
200407,PIURA,SAN JUAN DE BIGOTE,1.4402924451665313,0.0,37,4.87898738134868,0.190089358245329,0.07620947159847807,0.1909017059301381,21.0,0,-0.24701657151625314,0.267345858996539
200408,PIURA,SANTA CATALINA DE MOSSA,0.13291139240506328,0.0,7,0.6884008593861185,0.05907172995780591,0.05754052149400987,0.06118143459915612,21.0,0,-1.3213434108841626,-0.12062968846650256
200409,PIURA,SANTO DOMINGO,0.029748283752860413,0.0,1,0.16989209330224794,0.02745995423340961,0.011467889908256881,0.029748283752860413,15.0,0,-1.7514226383181335,-0.6379726170462632
200410,PIURA,YAMANGO,0.015060240963855422,0.0,2,0.1444213505389982,0.01104417670682731,0.006532663316582915,0.012048192771084338,14.0,0,-1.8632947021545527,-0.7540685585672875
200501,PIURA,PAITA,7.709367493995196,0.0,352,36.35160452636953,0.2177742193755004,0.07374209793478761,0.2177742193755004,20.0,1,1.9586740315781663,-1.601349395657677
200502,PIURA,AMOTAPE,0.4973544973544973,0.0,29,2.7509004559918324,0.09523809523809523,0.046649083616834564,0.09788359788359788,22.0,0,-1.0603878817965384,-0.18674136967834246
200503,PIURA,ARENAL,0.13783783783783785,0.0,10,0.7657715951023486,0.05,0.012568171566818389,0.051351351351351354,11.0,0,-1.5777208664971838,-0.6329584956286077
200504,PIURA,COLAN,1.1972514147130153,0.0,145,6.60772132641615,0.14308811641067098,0.0667861750723473,0.1438965238480194,20.0,0,-0.30926313280342144,-0.29043808306476915
200505,PIURA,LA HUACA,2.146419951729686,0.0,175,11.23870136366929,0.1407884151246983,0.06668692796653924,0.1415929203539823,21.0,0,-0.047378971194784465,-0.5369953403255053
200506,PIURA,TAMARINDO,0.6772438803263826,0.0,50,3.9160615890653268,0.05802357207615594,0.021805903557271848,0.05893019038984588,14.0,0,-1.2802977989017243,-0.7076589075263551
200507,PIURA,VICHAYAL,0.3413848631239936,0.0,43,2.4384950907469474,0.0571658615136876,0.023712611205011735,0.057971014492753624,32.0,0,-1.4053094054327784,-0.42612606363827094
200601,PIURA,SULLANA,23.09006211180124,1.0,1108,85.42751255443633,0.2748447204968944,0.17505626633302582,0.5559006211180124,20.0,2,8.204891052135752,-3.5567888688974496
200602,PIURA,BELLAVISTA,6.024162120031177,0.0,378,23.167731122696527,0.2509742790335152,0.1291278783418666,0.34840218238503506,22.0,1,2.180403862257358,-0.40227495624004034
200603,PIURA,IGNACIO ESCUDERO,2.197431781701445,0.0,173,11.414397422756924,0.09951845906902086,0.022516956647234236,0.10032102728731943,14.0,0,-0.4733333698405481,-1.1235170362935476
200604,PIURA,LANCONES,0.2870967741935484,0.0,25,1.7620080069174506,0.07096774193548387,0.03310209454815845,0.0717741935483871,17.0,0,-1.305362548245617,-0.3972665083529648
200605,PIURA,MARCAVELICA,3.4830917874396135,0.0,264,15.91326493045373,0.2214170692431562,0.07013344562465969,0.2214170692431562,20.0,1,0.8184484139062963,-0.626333806832668
200606,PIURA,MIGUEL CHECA,1.1428571428571428,0.0,131,6.34511550037816,0.1709470304975923,0.07330297121137654,0.17174959871589085,23.0,0,-0.17746770977037435,-0.057219386995945504
200607,PIURA,QUERECOTILLO,2.4664586583463337,0.0,108,9.480543246639982,0.22386895475819032,0.09961849588619344,0.22464898595943839,18.0,1,0.42224235080070094,0.20023841398093303
200608,PIURA,SALITRAL,0.9878738884397736,0.0,160,7.451531238054021,0.13823767178658045,0.05330938548029916,0.13904607922392886,22.0,0,-0.38169704438537094,-0.4435498471654779
200701,PIURA,PARI�AS,13.965007776049767,0.0,498,53.67701508255249,0.22706065318818042,0.11264715951590674,0.3055987558320373,20.0,2,3.7765292383918148,-2.2195393437528126
200702,PIURA,EL ALTO,0.8415124698310539,0.0,62,3.995550417001424,0.11987127916331457,0.05205851862873449,0.11987127916331457,12.0,0,-0.7548438588517064,-0.2954805464895944
200703,PIURA,LA BREA,0.9215686274509803,0.0,72,5.298173827407043,0.10130718954248366,0.039016222756886855,0.10130718954248366,16.0,0,-0.8683957210416765,-0.490450360210001
200704,PIURA,LOBITOS,0.08196721311475409,0.0,7,0.5215073351012087,0.03909205548549811,0.02203583453583454,0.0403530895334174,22.0,0,-1.6282503795279475,-0.4629307339265672
200705,PIURA,LOS ORGANOS,1.8608490566037736,0.0,79,6.939562220155157,0.24764150943396226,0.11181110915300115,0.24842767295597484,22.0,1,0.4156579586065241,0.6007848563285534
200706,PIURA,MANCORA,1.5055205047318612,0.0,95,6.394926108574058,0.23107255520504733,0.12279207351071465,0.23186119873817035,20.0,1,0.3737898251730566,0.5984823657841155
200801,PIURA,SECHURA,3.5921474358974357,0.0,277,15.691369377865708,0.18990384615384615,0.06541251631849342,0.1907051282051282,11.0,1,0.6848449136596627,-0.9090849529007948
200802,PIURA,BELLAVISTA DE LA UNION,1.5108481262327416,0.0,49,5.8963249235564765,0.1992110453648915,0.06380521530739103,0.1992110453648915,9.0,0,-0.18197089943453962,0.010445050504997505
200803,PIURA,BERNAL,0.428341384863124,0.0,24,1.9895302416221678,0.09581320450885668,0.038553904554520756,0.09581320450885668,9.0,0,-1.1119588433008476,-0.35941787532028197
200804,PIURA,CRISTO NOS VALGA,0.874468085106383,0.0,30,3.425062079580666,0.15531914893617021,0.06891549425423832,0.15531914893617021,22.0,0,-0.5793755181926322,0.17201547138309878
200805,PIURA,VICE,2.4532803180914513,0.0,75,7.67177731506323,0.28429423459244535,0.09143311834496538,0.28429423459244535,22.0,1,0.5662128204546818,0.5351383926917506
200806,PIURA,RINCONADA-LLICUAR,0.18518518518518517,0.0,11,0.9636749504635325,0.06038647342995169,0.02579681935040517,0.06038647342995169,16.0,0,-1.4567868475572436,-0.447383282707456
210303,PUNO,AYAPATA,0.13736263736263737,0.0,12,0.8756973173254937,0.05311355311355311,0.02798400376382028,0.054945054945054944,46.0,0,-1.5566181033099051,-0.12549635514053
210309,PUNO,SAN GABAN,0.32116788321167883,0.0,20,1.5943985277357364,0.08905109489051095,0.05452615123667756,0.0905109489051095,51.0,0,-1.1892985977359922,0.22698158236843446
211207,PUNO,SAN JUAN DEL ORO,0.1703958691910499,0.0,18,1.1705882194880823,0.03614457831325301,0.010654486922635742,0.03614457831325301,6.0,0,-1.6210479397864248,-0.7899087784953991
211210,PUNO,SAN PEDRO DE PUTINA PUNCO,8.03225806451613,3.0,41,10.15837131652365,0.0,0.3173230313747555,0.8064516129032258,49.0,1,3.9964166510008425,4.0749903547516615
220101,SAN MARTIN,MOYOBAMBA,3.8947368421052633,0.0,69,9.806474302390304,0.2801857585139319,0.14931785160679184,0.42105263157894735,49.0,1,1.3116115765208187,1.4764066469559392
220102,SAN MARTIN,CALZADA,0.2679528403001072,0.0,10,1.0643858536096706,0.1082529474812433,0.05703091615108784,0.1082529474812433,51.0,0,-1.1189160534026197,0.35754943183544946
220103,SAN MARTIN,HABANA,0.07216494845360824,0.0,7,0.46974369267000715,0.03467666354264293,0.01316447779862414,0.03561387066541706,12.0,0,-1.6772389669080152,-0.6575652839191451
220104,SAN MARTIN,JEPELACIO,0.338865836791148,0.0,11,1.2199232851116635,0.1313969571230982,0.0808446554983951,0.1313969571230982,7.0,0,-0.7518567817298444,0.14732061774825497
220105,SAN MARTIN,SORITOR,0.4907578558225508,0.0,26,1.726815682586007,0.16266173752310537,0.07909216709619388,0.16266173752310537,11.0,0,-0.5519971587265926,0.23750492668114542
220106,SAN MARTIN,YANTALO,0.07459207459207459,0.0,6,0.4104682648588371,0.04895104895104895,0.026377471672961565,0.04972804972804973,50.0,0,-1.6290774572462454,-0.08261276373537565
220201,SAN MARTIN,BELLAVISTA,1.0500384911470362,0.0,36,2.8111933280538928,0.26943802925327176,0.11070484524681146,0.26943802925327176,46.0,1,0.18757359143709748,1.1909686535971382
220202,SAN MARTIN,ALTO BIAVO,0.10927456382001836,0.0,6,0.4752809105134092,0.06978879706152434,0.04360119047619048,0.0707070707070707,3.0,0,-1.3095380670645174,-0.37957199920075724
220203,SAN MARTIN,BAJO BIAVO,0.12830482115085537,0.0,7,0.565898248599833,0.07620528771384137,0.04314619232907171,0.07620528771384137,48.0,0,-1.3843092579991698,0.12119985284722026
220204,SAN MARTIN,HUALLAGA,0.06744868035190615,0.0,12,0.4826876136905545,0.04105571847507331,0.020199207185508553,0.042033235581622676,49.0,0,-1.687223575465806,-0.1880661374231872
220205,SAN MARTIN,SAN PABLO,0.11799163179916318,0.0,6,0.4963154449042215,0.07447698744769875,0.0422509372258116,0.07531380753138076,20.0,0,-1.3327033625001594,-0.18942068502807208
220206,SAN MARTIN,SAN RAFAEL,0.16972477064220184,0.0,8,0.6770151147007016,0.09724770642201835,0.03872017432623494,0.09724770642201835,47.0,0,-1.287937941268388,0.14712428347026688
220301,SAN MARTIN,SAN JOSE DE SISA,0.8010695187165775,0.0,16,2.0546019639972277,0.2374331550802139,0.08876508860134001,0.2374331550802139,9.0,1,-0.08859629561830283,0.5750146965969346
220302,SAN MARTIN,AGUA BLANCA,0.09778597785977859,0.0,9,0.6651822478307804,0.04428044280442804,0.03189053193674266,0.046125461254612546,8.0,0,-1.5041159199226513,-0.5248968945997261
220303,SAN MARTIN,SAN MARTIN,0.1256544502617801,0.0,8,0.6265683701561985,0.060732984293193716,0.04854414162590264,0.060732984293193716,9.0,0,-1.3370649514552384,-0.32125188214232625
220304,SAN MARTIN,SANTA ROSA,0.1103448275862069,0.0,14,0.6466597610886092,0.06758620689655172,0.05142725598526705,0.06896551724137931,20.0,0,-1.2993565794086475,-0.1640635296135449
220305,SAN MARTIN,SHATOJA,0.10330578512396695,0.0,2,0.35453004262482063,0.08264462809917356,0.040110650069156296,0.08677685950413223,6.0,0,-1.2731467586821783,-0.3057301086248955
220401,SAN MARTIN,SAPOSOA,0.4980665119876257,0.0,14,1.3616232653307025,0.21036349574632637,0.1044391002014841,0.21036349574632637,7.0,1,-0.19265748643179387,0.6149181642142129
220402,SAN MARTIN,ALTO SAPOSOA,0.06296296296296296,0.0,14,0.5657824134497277,0.03333333333333333,0.032329317269076306,0.03425925925925926,50.0,0,-1.6591755179900436,-0.11677729990634853
220403,SAN MARTIN,EL ESLABON,0.08100558659217877,0.0,7,0.48338551760267695,0.04888268156424581,0.023997668997669,0.05027932960893855,47.0,0,-1.62890394601698,-0.1377071190035385
220404,SAN MARTIN,PISCOYACU,0.05691768826619965,0.0,4,0.27648714316421885,0.047285464098073555,0.02418930762489045,0.04816112084063047,6.0,0,-1.5512177836590597,-0.5739556984175797
220405,SAN MARTIN,SACANCHE,0.07102502017756256,0.0,5,0.3476541914367592,0.0516545601291364,0.026642434033387185,0.052461662631154156,18.0,0,-1.5396997102119183,-0.41296642408823386
220406,SAN MARTIN,TINGO DE SAPOSOA,0.05688375927452597,0.0,18,0.6165316790746468,0.025556471558120363,0.01867457422433973,0.026380873866446827,23.0,0,-1.698411370925962,-0.5587072004243986
220501,SAN MARTIN,LAMAS,0.8605769230769231,0.0,24,2.5497832337190225,0.21955128205128205,0.11178142377747746,0.21955128205128205,9.0,1,-0.02324995538639563,0.6548861947124844
220502,SAN MARTIN,ALONSO DE ALVARADO,0.08653846153846154,0.0,3,0.39187853600605443,0.056490384615384616,0.0257721620537505,0.057692307692307696,52.0,0,-1.6023366559446253,-0.029181017451741533
220503,SAN MARTIN,BARRANQUITA,0.17383966244725738,0.0,15,0.8916816850515806,0.07848101265822785,0.04234555211117711,0.07932489451476793,40.0,0,-1.3267944253970934,0.008120969174247988
220504,SAN MARTIN,CAYNARACHI,0.5234113712374582,0.0,25,1.7731612270541617,0.1705685618729097,0.08341065954036665,0.1705685618729097,53.0,0,-0.5877138024003641,0.756824222673205
220505,SAN MARTIN,CU�UMBUQUI,0.06993006993006994,0.0,4,0.3341555055205466,0.052059052059052056,0.029717470191809228,0.05283605283605284,5.0,0,-1.4919901910916415,-0.5251885310007682
220506,SAN MARTIN,PINTO RECODO,0.08991228070175439,0.0,6,0.4571881942230176,0.05482456140350877,0.025403794887878313,0.05592105263157895,22.0,0,-1.5322953124114775,-0.3731889347826517
220507,SAN MARTIN,RUMISAPA,0.10766847405112316,0.0,11,0.6021096928215763,0.060418280402788536,0.024870968824457197,0.061192873741285826,53.0,0,-1.5672657726099897,-0.03764440906282879
220508,SAN MARTIN,SAN ROQUE DE CUMBAZA,0.05560382276281494,0.0,5,0.289463621135817,0.045178105994787145,0.01891304347826087,0.046046915725456126,4.0,0,-1.583316293479596,-0.6483509204861878
220509,SAN MARTIN,SHANAO,0.18523316062176165,0.0,18,1.07642642923389,0.06606217616580311,0.029652709378287918,0.06735751295336788,10.0,0,-1.3728363248539335,-0.4772067916919909
220510,SAN MARTIN,TABALOSOS,0.3235053235053235,0.0,16,1.2412561987907096,0.12530712530712532,0.0745807938177755,0.12530712530712532,3.0,0,-0.7984206328630253,0.01923452699027148
220511,SAN MARTIN,ZAPATERO,0.12373737373737374,0.0,9,0.5511012895685752,0.07491582491582492,0.04603575774595151,0.07491582491582492,18.0,0,-1.2995013438673484,-0.1901722331464156
220601,SAN MARTIN,JUANJUI,2.7049808429118776,0.0,108,8.215181611363134,0.2789272030651341,0.18207586027113268,0.3992337164750958,47.0,1,1.3480015696933467,1.6743781242254991
220602,SAN MARTIN,CAMPANILLA,0.392741935483871,0.0,15,1.20071708326644,0.17016129032258065,0.08822789509835514,0.17016129032258065,9.0,0,-0.5046326340892375,0.362748910323377
220603,SAN MARTIN,HUICUNGO,0.2104857363145721,0.0,13,1.0192962460963864,0.09329221279876639,0.04813176792343459,0.09329221279876639,44.0,0,-1.2279252538908145,0.15109216503837444
220604,SAN MARTIN,PACHIZA,0.1281055900621118,0.0,19,0.8686493485371949,0.05357142857142857,0.03125824792491459,0.05434782608695652,45.0,0,-1.5244672057146922,-0.1269685772784428
220605,SAN MARTIN,PAJARILLO,0.24183006535947713,0.0,21,1.1018895633309538,0.11484593837535013,0.059832898150655164,0.1157796451914099,48.0,0,-1.0409924200993723,0.34836577513124295
220701,SAN MARTIN,PICOTA,0.3737294761532447,0.0,18,1.2160502432931182,0.1751368256450352,0.07655115226773246,0.1751368256450352,53.0,0,-0.6442857669387525,0.7591136792935336
220702,SAN MARTIN,BUENOS AIRES,0.027216174183514776,0.0,4,0.21245699208652039,0.019440124416796267,0.012607003891050586,0.02021772939346812,3.0,0,-1.7543973871703624,-0.8010242608788576
220703,SAN MARTIN,CASPIZAPA,0.17600896860986548,0.0,11,0.7659855399765693,0.08968609865470852,0.046286943509165734,0.09080717488789238,5.0,0,-1.172867404041641,-0.2841395058360196
220704,SAN MARTIN,PILLUANA,0.012180267965895249,0.0,1,0.10969005897607238,0.010962241169305725,0.00548780487804878,0.012180267965895249,3.0,0,-1.8451586553594685,-0.8780245155571709
220705,SAN MARTIN,PUCACACA,0.06923076923076923,0.0,4,0.31906191747860246,0.054945054945054944,0.029134580124679135,0.056043956043956046,5.0,0,-1.4799377510202105,-0.5177334090103217
220706,SAN MARTIN,SAN CRISTOBAL,0.05365853658536585,0.0,3,0.3155309586106581,0.030894308943089432,0.02062975027144408,0.032520325203252036,20.0,0,-1.688323736022555,-0.5092924021725602
220707,SAN MARTIN,SAN HILARION,0.07722007722007722,0.0,8,0.45853383287424004,0.04633204633204633,0.030695088442383653,0.04633204633204633,8.0,0,-1.5137148421851176,-0.5216623587054706
220708,SAN MARTIN,SHAMBOYACU,0.12447552447552447,0.0,11,0.645502653731474,0.07692307692307693,0.04255035347472322,0.07692307692307693,43.0,0,-1.3622361032781387,0.05335225673906591
220709,SAN MARTIN,TINGO DE PONASA,0.12655086848635236,0.0,7,0.5820855498659705,0.06617038875103391,0.04643349889624724,0.06617038875103391,1.0,0,-1.303837854567994,-0.4006884420310893
220710,SAN MARTIN,TRES UNIDOS,0.015706806282722512,0.0,1,0.12433866059725567,0.014659685863874346,0.007337526205450734,0.015706806282722512,5.0,0,-1.8207235526227021,-0.8285860887229302
220801,SAN MARTIN,RIOJA,1.3974255832662912,0.0,31,3.8883939113557444,0.26307320997586486,0.08638655882172187,0.26307320997586486,5.0,1,0.1788496295181199,0.4931614742696851
220802,SAN MARTIN,AWAJUN,0.14971209213051823,0.0,16,0.9276334167550518,0.05470249520153551,0.03475360976632379,0.05566218809980806,48.0,0,-1.5088182472309932,-0.057446916507578855
220803,SAN MARTIN,ELIAS SOPLIN VARGAS,0.7134986225895317,0.0,23,2.2983628081797303,0.16988062442607896,0.07559844058429101,0.16988062442607896,47.0,0,-0.5889702599356538,0.6076263162830117
220804,SAN MARTIN,NUEVA CAJAMARCA,1.6752058554437328,0.0,77,5.812383700392452,0.2744739249771272,0.10399023885814727,0.2744739249771272,48.0,1,0.3945810449603658,0.9656087245420827
220805,SAN MARTIN,PARDO MIGUEL,0.5991847826086957,0.0,30,2.484396827459368,0.15081521739130435,0.06363239321213675,0.15217391304347827,47.0,0,-0.7414719241800085,0.42700286659935094
220806,SAN MARTIN,POSIC,0.06521739130434782,0.0,3,0.3039161880508807,0.050724637681159424,0.022571543732365983,0.051932367149758456,40.0,0,-1.6244597758234467,-0.20310978403217725
220807,SAN MARTIN,SAN FERNANDO,0.145933014354067,0.0,7,0.6188778356163916,0.08133971291866028,0.039823210721414315,0.08133971291866028,45.0,0,-1.3650972929790575,0.07925244409663727
220808,SAN MARTIN,YORONGOS,0.09615384615384616,0.0,9,0.5780666322115607,0.05631868131868132,0.017835855112333793,0.05631868131868132,47.0,0,-1.6188935173349743,-0.1700117836078941
220809,SAN MARTIN,YURACYACU,0.11513583441138421,0.0,4,0.4727406411143145,0.07115135834411385,0.04488341968911917,0.0724450194049159,9.0,0,-1.3126895464762656,-0.293722342310437
220901,SAN MARTIN,TARAPOTO,5.8211256746337705,1.0,135,12.651441939891837,0.2644564379336931,0.1711657918607517,0.5851966075558982,7.0,1,2.700836530035926,1.5304617412534616
220902,SAN MARTIN,ALBERTO LEVEAU,0.013189448441247002,0.0,2,0.12415139316912586,0.01079136690647482,0.006402561024409764,0.011990407673860911,46.0,0,-1.9434483588075122,-0.40788476942750024
220903,SAN MARTIN,CACATACHI,0.15254237288135594,0.0,7,0.6388769821190778,0.08705701078582434,0.04616238939677645,0.08705701078582434,11.0,0,-1.217760603443303,-0.21827910757154853
220904,SAN MARTIN,CHAZUTA,0.3978930307941653,0.0,30,1.928972678162051,0.11507293354943274,0.06355122734421165,0.11507293354943274,4.0,0,-0.8599926876752007,-0.15280157321025825
220905,SAN MARTIN,CHIPURANA,0.04550379198266522,0.0,10,0.40324904829112873,0.02600216684723727,0.016121080654703215,0.027085590465872156,2.0,0,-1.6801950370126901,-0.7789265740664294
220906,SAN MARTIN,EL PORVENIR,0.041463414634146344,0.0,3,0.2434263646423173,0.032926829268292684,0.018722018722018726,0.03414634146341464,6.0,0,-1.658065775941783,-0.6669536263710333
220907,SAN MARTIN,HUIMBAYOC,0.06826568265682657,0.0,15,0.6865526612860801,0.027675276752767528,0.012542320714065866,0.02859778597785978,5.0,0,-1.6789928182734355,-0.7899172674157088
220908,SAN MARTIN,JUAN GUERRA,0.18238503507404522,0.0,12,0.7981476517784764,0.09431021044427124,0.04524848526408589,0.0950896336710834,10.0,0,-1.1641238923602835,-0.22507170217733602
220909,SAN MARTIN,LA BANDA DE SHILCAYO,3.2276612276612275,0.0,89,7.943384323737831,0.2804972804972805,0.13135490643762315,0.4048174048174048,9.0,1,1.1967841824377048,0.9003916705709831
220910,SAN MARTIN,MORALES,2.275968992248062,0.0,83,6.510442121637635,0.2627906976744186,0.15084742418177113,0.4015503875968992,53.0,1,0.9896124300074469,1.5999493865515686
220911,SAN MARTIN,PAPAPLAYA,0.05434782608695652,0.0,16,0.568448124564908,0.02717391304347826,0.02920504557217266,0.02717391304347826,6.0,0,-1.5996886935402248,-0.64870690713819
220912,SAN MARTIN,SAN ANTONIO,0.05382215288611544,0.0,3,0.291970377949088,0.039781591263650544,0.022053083528493368,0.039781591263650544,9.0,0,-1.6125246553635786,-0.5866885698508144
220913,SAN MARTIN,SAUCE,0.26673228346456695,0.0,11,1.0934286316090067,0.10039370078740158,0.051659096240377025,0.10039370078740158,46.0,0,-1.173437139050131,0.22766681291306318
220914,SAN MARTIN,SHAPAJA,0.12988384371700107,0.0,10,0.7052557911594171,0.06441393875395987,0.041999350191739206,0.06441393875395987,50.0,0,-1.4465250670932353,0.07803338981382804
221001,SAN MARTIN,TOCACHE,1.6620477290223248,0.0,169,6.834265823063451,0.21862971516551194,0.13596405986191845,0.35411855273287146,48.0,1,0.797633817766221,1.0686922687108598
221002,SAN MARTIN,NUEVO PROGRESO,0.5180722891566265,0.0,12,1.509499604178564,0.18152610441767067,0.08194725959999272,0.18152610441767067,45.0,0,-0.5520266040364457,0.7384933511316173
221003,SAN MARTIN,POLVORA,0.33902439024390246,0.0,21,1.2775824569727252,0.13577235772357724,0.08318865159792743,0.13577235772357724,8.0,0,-0.6984385216070351,0.16790014668230507
221004,SAN MARTIN,SHUNTE,0.010054844606946984,0.0,2,0.10854445297562001,0.009140767824497258,0.004879536444037817,0.009140767824497258,3.0,0,-1.8589857256525122,-0.8947674397630426
221005,SAN MARTIN,UCHIZA,0.4546899841017488,0.0,27,1.801765017237282,0.16216216216216217,0.09679086635776234,0.16295707472178061,49.0,0,-0.5503784899661104,0.7878609099025844
221006,SAN MARTIN,SANTA LUCIA,0.1935483870967742,0.0,3,0.5633628773088059,0.11290322580645161,0.08060109289617487,0.12903225806451613,11.0,0,-0.8679804979450623,0.20000059714001922
240101,TUMBES,TUMBES,16.48533950617284,2.0,498,45.395753947125336,0.2824074074074074,0.20523435904489312,0.6859567901234568,17.0,2,6.227988968542548,0.17767490217639814
240102,TUMBES,CORRALES,3.314176245210728,0.0,135,10.594048345026263,0.24521072796934865,0.14610966235382952,0.3371647509578544,11.0,1,1.179876291386863,0.6446610848812273
240103,TUMBES,LA CRUZ,1.4299138606108066,0.0,38,4.145265273769281,0.274079874706343,0.13862717369029345,0.2748629600626468,22.0,1,0.49893161061085023,1.111630868826941
240104,TUMBES,PAMPAS DE HOSPITAL,1.6793183578621225,0.0,55,4.658869405386722,0.2099147947327653,0.13351146822630003,0.3013168086754454,16.0,1,0.4395602962197739,0.9012937836188095
240105,TUMBES,SAN JACINTO,1.3835832675611681,0.0,70,5.304729653293054,0.22888713496448304,0.10619060315061972,0.2296764009471192,21.0,1,0.18211112402571172,0.5649761925666612
240106,TUMBES,SAN JUAN DE LA VIRGEN,1.6554487179487178,0.0,59,4.836248260227099,0.29246794871794873,0.14277664723025135,0.2932692307692308,10.0,1,0.7268615953529677,1.0035529470762032
240201,TUMBES,ZORRITOS,1.8158705701078584,0.0,43,5.19948683806794,0.28582434514637906,0.14038486921880444,0.28582434514637906,22.0,1,0.6439710091630244,1.1078339844908063
240202,TUMBES,CASITAS,0.2934609250398724,0.0,18,1.2940812322702069,0.09170653907496013,0.05450839968523843,0.09250398724082935,21.0,0,-1.118809560251158,-0.07546239206083574
240203,TUMBES,CANOAS DE PUNTA SAL,1.7318932655654384,0.0,62,6.056744534574303,0.2655654383735705,0.10620895912047815,0.2668360864040661,18.0,1,0.4199014046098191,0.6532626087901506
240301,TUMBES,ZARUMILLA,2.3487460815047023,0.0,77,6.763921438331958,0.23981191222570533,0.14552749807339743,0.3722570532915361,16.0,1,0.9205126934866189,1.05870737257883
240302,TUMBES,AGUAS VERDES,1.8105761641673244,0.0,60,5.014307727740375,0.23204419889502761,0.16424473701876802,0.35122336227308604,15.0,1,0.8179926122498603,1.2535673873603213
240303,TUMBES,MATAPALO,0.7871759890859482,0.0,32,2.949969235693497,0.17053206002728513,0.1011769379759026,0.17189631650750342,6.0,0,-0.30387536951532196,0.32892881643615074
240304,TUMBES,PAPAYAL,1.5792778649921506,0.0,56,5.02696753701856,0.239403453689168,0.10211979262940227,0.239403453689168,19.0,1,0.20346911651086882,0.5803754767094046
250101,UCAYALI,CALLERIA,18.637269938650306,3.0,853,54.17262108072078,0.2714723926380368,0.2063693725465928,0.786042944785276,53.0,2,7.914436056317144,-0.09192396216876508
250102,UCAYALI,CAMPOVERDE,0.8420628525382756,0.0,23,2.2403961602702473,0.273972602739726,0.12460396958618022,0.2747784045124899,53.0,1,0.20879580655185517,1.45382805151267
250103,UCAYALI,IPARIA,0.0256198347107438,0.0,4,0.19113792589128475,0.021487603305785124,0.012848083815825752,0.02231404958677686,49.0,0,-1.855122180616417,-0.2916555543307856
250104,UCAYALI,MASISEA,0.19282868525896416,0.0,29,1.3670381098414297,0.07569721115537849,0.04281663755347965,0.07649402390438247,8.0,0,-1.219505736560174,-0.39347928917498554
250105,UCAYALI,YARINACOCHA,8.730434782608695,1.0,222,23.37575985551746,0.2719367588932806,0.2242967358623012,0.6173913043478261,3.0,1,3.838703006406555,1.3436970109568818
250106,UCAYALI,NUEVA REQUENA,0.4433811802232855,0.0,20,1.6595093680783832,0.1339712918660287,0.07180299969605637,0.13476874003189793,50.0,0,-0.850142737768135,0.5142880577061699
250107,UCAYALI,MANANTAY,9.059203444564048,1.0,488,31.574364930848287,0.24219590958019377,0.19885406646424222,0.6318622174381054,46.0,2,4.308758188095968,0.7147369728661473
250201,UCAYALI,RAIMONDI,1.9770206022187005,0.0,63,6.342217212765738,0.20285261489698891,0.1306062859427133,0.29160063391442154,8.0,1,0.49100102298394493,0.6778108727882657
250202,UCAYALI,SEPAHUA,0.27531380753138074,0.0,19,1.2860440973595286,0.09874476987447699,0.0779336381095175,0.099581589958159,7.0,0,-0.9232454429715943,-0.015251785235472277
250203,UCAYALI,TAHUANIA,0.17104216388225935,0.0,17,1.099730904658657,0.050119331742243436,0.04460603753995474,0.05091487669053302,39.0,0,-1.4496201405149272,-0.10252469996255618
250204,UCAYALI,YURUA,0.013114754098360656,0.0,1,0.1137662398222785,0.012021857923497269,0.006017505470459519,0.013114754098360656,1.0,0,-1.8320846940412914,-0.8919336990131466
250301,UCAYALI,PADRE ABAD,1.7827121332275973,0.0,64,5.029686898504715,0.2315622521808089,0.17152720757262452,0.3600317208564631,48.0,1,0.8011435249635658,1.6801306746853393
250302,UCAYALI,IRAZOLA,0.636583400483481,0.0,30,1.8955605953604755,0.2506043513295729,0.1385275175743438,0.2506043513295729,42.0,1,0.17093454381019502,1.3583205981711508
250303,UCAYALI,CURIMANA,0.3394190871369295,0.0,10,1.0647804181561533,0.15435684647302905,0.08206402539874301,0.15435684647302905,53.0,0,-0.7448411405676579,0.7494721732238248
250304,UCAYALI,NESHUYA,0.7177242888402626,0.0,17,1.8408127981088644,0.24945295404814005,0.15443121693121695,0.25164113785557984,32.0,1,0.2614011931455689,1.405723623281343
250305,UCAYALI,ALEXANDER VON HUMBOLDT,0.2222222222222222,0.0,9,0.839049949541716,0.1111111111111111,0.05330615942028986,0.11382113821138211,18.0,0,-1.049951213529485,-0.0021541830625087005
250306,UCAYALI,HUIPOCA,0.232,0.0,5,0.6589203290231681,0.152,0.07526881720430106,0.16,16.0,0,-0.7158090372297061,0.33182464280257895
250307,UCAYALI,BOQUERON,0.2857142857142857,0.0,6,0.7953949089757175,0.16883116883116883,0.07696856520385932,0.17532467532467533,6.0,0,-0.5880990540493342,0.2882840776083044
250401,UCAYALI,PURUS,0.02830188679245283,0.0,1,0.16583392293629196,0.01904761904761905,0.009523809523809525,0.02830188679245283,51.0,0,-1.8767418521071042,-0.27884093193284787
